Date,Close,Volume,Average,,,,,,,,,,
06/03/2017, $44.05 ,"1,598,520",44.0462,,,,,,,,,,
07/03/2017, $44.14 ,"1,624,591",44.09455,,,,,,,,,,
08/03/2017, $44.25 ,"1,757,120",44.1451,,,,,,,,,,
09/03/2017, $44.33 ,"1,020,655",44.19205,,,,,,,,,,
10/03/2017, $44.84 ,"2,136,390",44.32156,,,,,,,,,,
13/03/2017, $45.18 ,"1,147,646",44.464,,,,,,,,Stock Name,Starting Date,End Date
14/03/2017, $45.04 ,"1,066,801",44.5467,,,,,,,,SOXX,04/03/2017,04/03/2024
15/03/2017, $45.40 ,"1,108,076",44.6533,,,,,,,,,,
16/03/2017, $45.35 ,"932,706",44.73103333,,,,,,,,,,
17/03/2017, $45.45 ,"1,832,247",44.80255,,,,,,,,,,
20/03/2017, $45.78 ,"1,138,148",44.97622,,,,,,,,,,
21/03/2017, $44.71 ,"1,962,889",45.03289,,,,,,,,,,
22/03/2017, $45.18 ,"1,676,290",45.12656,,,,,,,,,,
23/03/2017, $45.08 ,"1,531,767",45.20156,,,,,,,,,,
24/03/2017, $45.29 ,"1,596,006",45.24689,,,,,,,,,,
27/03/2017, $45.36 ,"1,450,076",45.26522,,,,,,,,,,
28/03/2017, $45.50 ,"851,471",45.31122,,,,,,,,,,
29/03/2017, $45.39 ,"1,064,752",45.31056,,,,,,,,,,
30/03/2017, $45.63 ,"831,089",45.33789,,,,,,,,,,
31/03/2017, $45.63 ,"616,542",45.35622,,,,,,,,,,
03/04/2017, $45.34 ,"2,165,001",45.31188,,,,,,,,,,
04/04/2017, $45.11 ,"1,366,837",45.35221,,,,,,,,,,
05/04/2017, $44.80 ,"1,259,397",45.31388,,,,,,,,,,
06/04/2017, $44.87 ,"1,165,442",45.29255,,,,,,,,,,
07/04/2017, $45.06 ,"757,225",45.26955,,,,,,,,,,
10/04/2017, $44.72 ,"810,443",45.20522,,,,,,,,,,
11/04/2017, $44.36 ,"1,602,121",45.09055,,,,,,,,,,
12/04/2017, $43.59 ,"1,704,572",44.91055,,,,,,,,,,
13/04/2017, $43.30 ,"1,309,303",44.67822,,,,,,,,,,
17/04/2017, $43.84 ,"1,330,030",44.49956,,,,,,,,,,
18/04/2017, $44.05 ,"1,325,776",44.37023,,,,,,,,,,
19/04/2017, $44.28 ,"1,701,578",44.28656,,,,,,,,,,
20/04/2017, $44.98 ,"1,669,720",44.30422,,,,,,,,,,
21/04/2017, $44.79 ,"1,922,449",44.29588,,,,,,,,,,
24/04/2017, $45.43 ,"1,482,338",44.33254,,,,,,,,,,
25/04/2017, $45.89 ,"1,270,386",44.45021,,,,,,,,,,
26/04/2017, $45.52 ,"3,504,134",44.56621,,,,,,,,,,
27/04/2017, $46.16 ,"1,099,603",44.82254,,,,,,,,,,
28/04/2017, $45.37 ,"3,133,693",45.0292,,,,,,,,,,
01/05/2017, $45.82 ,"2,065,622",45.22686,,,,,,,,,,
02/05/2017, $45.34 ,"3,398,751",45.35586,,,,,,,,,,
03/05/2017, $45.49 ,"1,144,817",45.47753,,,,,,,,,,
04/05/2017, $45.46 ,"1,219,614",45.52586,,,,,,,,,,
05/05/2017, $45.64 ,"902,211",45.61119,,,,,,,,,,
08/05/2017, $45.46 ,"801,767",45.61419,,,,,,,,,,
09/05/2017, $45.91 ,"1,280,952",45.61585,,,,,,,,,,
10/05/2017, $46.88 ,"2,503,630",45.75252,,,,,,,,,,
11/05/2017, $47.05 ,"2,091,116",45.84219,,,,,,,,,,
12/05/2017, $47.19 ,"573,215",46.02386,,,,,,,,,,
15/05/2017, $47.92 ,"1,123,073",46.23353,,,,,,,,,,
16/05/2017, $48.60 ,"1,067,398",46.56019,,,,,,,,,,
17/05/2017, $46.51 ,"3,092,325",46.66152,,,,,,,,,,
18/05/2017, $47.37 ,"2,103,750",46.85286,,,,,,,,,,
19/05/2017, $47.90 ,"2,681,369",47.07853,,,,,,,,,,
22/05/2017, $48.42 ,"2,000,099",47.37453,,,,,,,,,,
23/05/2017, $48.23 ,"760,093",47.6062,,,,,,,,,,
24/05/2017, $48.54 ,"1,018,681",47.77186,,,,,,,,,,
25/05/2017, $48.79 ,"1,013,545",47.94519,,,,,,,,,,
26/05/2017, $49.01 ,"789,619",48.12752,,,,,,,,,,
30/05/2017, $49.34 ,"1,176,956",48.26952,,,,,,,,,,
31/05/2017, $49.33 ,"1,605,400",48.34219,,,,,,,,,,
01/06/2017, $49.38 ,"1,063,342",48.62952,,,,,,,,,,
02/06/2017, $49.88 ,"1,297,440",48.88051,,,,,,,,,,
05/06/2017, $50.00 ,"986,634",49.09117,,,,,,,,,,
06/06/2017, $50.17 ,"1,240,680",49.26584,,,,,,,,,,
07/06/2017, $50.54 ,"1,262,691",49.49717,,,,,,,,,,
08/06/2017, $51.46 ,"1,617,490",49.7895,,,,,,,,,,
09/06/2017, $49.30 ,"5,104,158",49.84083,,,,,,,,,,
12/06/2017, $49.02 ,"5,277,352",49.8415,,,,,,,,,,
13/06/2017, $49.35 ,"3,216,686",49.84283,,,,,,,,,,
14/06/2017, $48.83 ,"2,112,897",49.79316,,,,,,,,,,
15/06/2017, $48.45 ,"3,531,854",49.69983,,,,,,,,,,
16/06/2017, $48.25 ,"1,589,055",49.53684,,,,,,,,,,
19/06/2017, $49.17 ,"1,455,662",49.45351,,,,,,,,,,
20/06/2017, $48.62 ,"1,192,997",49.29851,,,,,,,,,,
21/06/2017, $49.18 ,"1,386,949",49.16251,,,,,,,,,,
22/06/2017, $49.07 ,"1,299,843",48.92285,,,,,,,,,,
23/06/2017, $49.21 ,"973,092",48.91418,,,,,,,,,,
26/06/2017, $48.79 ,"1,882,836",48.89151,,,,,,,,,,
27/06/2017, $47.37 ,"1,921,576",48.69351,,,,,,,,,,
28/06/2017, $48.19 ,"2,285,503",48.62918,,,,,,,,,,
29/06/2017, $46.99 ,"2,949,317",48.48351,,,,,,,,,,
30/06/2017, $46.73 ,"1,492,769",48.33151,,,,,,,,,,
03/07/2017, $46.09 ,"1,771,772",48.02385,,,,,,,,,,
05/07/2017, $47.04 ,"1,918,255",47.86585,,,,,,,,,,
06/07/2017, $46.83 ,"2,063,096",47.63085,,,,,,,,,,
07/07/2017, $47.62 ,"3,374,304",47.48618,,,,,,,,,,
10/07/2017, $48.17 ,"978,372",47.38185,,,,,,,,,,
11/07/2017, $48.57 ,"965,472",47.35985,,,,,,,,,,
12/07/2017, $49.35 ,"1,678,198",47.55752,,,,,,,,,,
13/07/2017, $49.19 ,"1,532,787",47.65785,,,,,,,,,,
14/07/2017, $49.85 ,"1,234,659",47.94418,,,,,,,,,,
17/07/2017, $49.65 ,"693,408",48.23584,,,,,,,,,,
18/07/2017, $49.80 ,"1,017,271",48.60683,,,,,,,,,,
19/07/2017, $50.26 ,"1,410,530",48.92949,,,,,,,,,,
20/07/2017, $50.41 ,"1,527,081",49.28749,,,,,,,,,,
21/07/2017, $49.98 ,"983,916",49.52349,,,,,,,,,,
24/07/2017, $49.83 ,"1,212,618",49.68949,,,,,,,,,,
25/07/2017, $49.79 ,"1,203,540",49.81116,,,,,,,,,,
26/07/2017, $50.33 ,"2,004,515",49.90982,,,,,,,,,,
27/07/2017, $49.57 ,"2,827,957",49.94716,,,,,,,,,,
28/07/2017, $49.38 ,"1,205,631",49.8995,,,,,,,,,,
31/07/2017, $48.99 ,"1,517,484",49.83383,,,,,,,,,,
01/08/2017, $49.30 ,"1,001,893",49.78317,,,,,,,,,,
02/08/2017, $48.94 ,"1,741,754",49.65084,,,,,,,,,,
03/08/2017, $48.76 ,"1,347,259",49.48551,,,,,,,,,,
04/08/2017, $48.78 ,"1,283,664",49.36518,,,,,,,,,,
07/08/2017, $49.62 ,"949,293",49.34385,,,,,,,,,,
08/08/2017, $49.47 ,"818,687",49.31251,,,,,,,,,,
09/08/2017, $49.31 ,"706,408",49.20985,,,,,,,,,,
10/08/2017, $47.93 ,"1,627,381",49.04618,,,,,,,,,,
11/08/2017, $48.20 ,"1,044,370",48.92851,,,,,,,,,,
14/08/2017, $49.43 ,"1,610,014",48.97185,,,,,,,,,,
15/08/2017, $49.55 ,"531,350",48.99718,,,,,,,,,,
16/08/2017, $49.63 ,"777,940",49.06618,,,,,,,,,,
17/08/2017, $48.38 ,"1,209,063",49.02818,,,,,,,,,,
18/08/2017, $48.45 ,"1,026,787",48.99551,,,,,,,,,,
21/08/2017, $48.09 ,"945,918",48.84284,,,,,,,,,,
22/08/2017, $48.88 ,"1,046,563",48.78384,,,,,,,,,,
23/08/2017, $49.09 ,"1,984,153",48.76217,,,,,,,,,,
24/08/2017, $49.10 ,"1,294,323",48.87884,,,,,,,,,,
25/08/2017, $48.86 ,"684,810",48.94484,,,,,,,,,,
28/08/2017, $49.01 ,"552,548",48.90284,,,,,,,,,,
29/08/2017, $49.08 ,"1,069,039",48.85617,,,,,,,,,,
30/08/2017, $49.92 ,"1,999,264",48.8855,,,,,,,,,,
31/08/2017, $50.42 ,"1,072,240",49.0895,,,,,,,,,,
01/09/2017, $50.64 ,"1,591,128",49.30817,,,,,,,,,,
05/09/2017, $49.95 ,"2,812,351",49.4945,,,,,,,,,,
06/09/2017, $50.02 ,"1,043,920",49.6085,,,,,,,,,,
07/09/2017, $50.11 ,"873,296",49.7105,,,,,,,,,,
08/09/2017, $49.52 ,"1,454,048",49.75283,,,,,,,,,,
11/09/2017, $50.46 ,"1,305,352",49.91316,,,,,,,,,,
12/09/2017, $50.69 ,"742,309",50.08149,,,,,,,,,,
13/09/2017, $50.79 ,"773,998",50.25216,,,,,,,,,,
14/09/2017, $50.99 ,"1,656,865",50.35883,,,,,,,,,,
15/09/2017, $51.88 ,"1,424,069",50.50516,,,,,,,,,,
18/09/2017, $52.56 ,"1,477,100",50.69749,,,,,,,,,,
19/09/2017, $52.73 ,"1,382,773",50.97482,,,,,,,,,,
20/09/2017, $52.00 ,"2,276,161",51.17249,,,,,,,,,,
21/09/2017, $51.78 ,"864,404",51.33915,,,,,,,,,,
22/09/2017, $52.04 ,"742,069",51.59115,,,,,,,,,,
25/09/2017, $51.04 ,"1,795,709",51.64849,,,,,,,,,,
26/09/2017, $50.79 ,"1,474,364",51.65849,,,,,,,,,,
27/09/2017, $52.02 ,"1,166,501",51.78149,,,,,,,,,,
28/09/2017, $52.40 ,"819,926",51.92282,,,,,,,,,,
29/09/2017, $52.86 ,"919,005",52.02048,,,,,,,,,,
02/10/2017, $53.21 ,"1,240,620",52.08548,,,,,,,,,,
03/10/2017, $53.36 ,"536,255",52.14848,,,,,,,,,,
04/10/2017, $53.48 ,"873,872",52.29648,,,,,,,,,,
05/10/2017, $53.53 ,"538,100",52.47148,,,,,,,,,,
06/10/2017, $53.74 ,"742,855",52.64114,,,,,,,,,,
09/10/2017, $54.15 ,"835,394",52.95213,,,,,,,,,,
10/10/2017, $54.45 ,"756,712",53.31813,,,,,,,,,,
11/10/2017, $54.82 ,"859,244",53.59846,,,,,,,,,,
12/10/2017, $54.65 ,"584,534",53.82313,,,,,,,,,,
13/10/2017, $55.00 ,"531,824",54.03747,,,,,,,,,,
16/10/2017, $55.26 ,"543,323",54.24246,,,,,,,,,,
17/10/2017, $55.21 ,"558,950",54.42813,,,,,,,,,,
18/10/2017, $55.40 ,"712,216",54.62012,,,,,,,,,,
19/10/2017, $55.26 ,"1,063,738",54.79345,,,,,,,,,,
20/10/2017, $55.54 ,"1,083,697",54.97412,,,,,,,,,,
23/10/2017, $55.82 ,"899,786",55.14112,,,,,,,,,,
24/10/2017, $56.21 ,"643,431",55.31678,,,,,,,,,,
25/10/2017, $55.47 ,"1,567,992",55.38144,,,,,,,,,,
26/10/2017, $55.80 ,"1,145,177",55.4961,,,,,,,,,,
27/10/2017, $56.96 ,"1,058,614",55.69243,,,,,,,,,,
30/10/2017, $57.12 ,"1,579,326",55.8781,,,,,,,,,,
31/10/2017, $57.57 ,"1,031,806",56.1141,,,,,,,,,,
01/11/2017, $57.36 ,"1,516,446",56.31044,,,,,,,,,,
02/11/2017, $57.65 ,"4,100,165",56.54911,,,,,,,,,,
03/11/2017, $58.67 ,"2,683,706",56.86144,,,,,,,,,,
06/11/2017, $59.50 ,"3,057,801",57.22944,,,,,,,,,,
07/11/2017, $59.44 ,"1,299,621",57.5531,,,,,,,,,,
08/11/2017, $59.63 ,"1,204,797",57.96943,,,,,,,,,,
09/11/2017, $58.44 ,"3,302,448",58.23376,,,,,,,,,,
10/11/2017, $58.83 ,"1,166,501",58.42009,,,,,,,,,,
13/11/2017, $59.00 ,"1,309,027",58.60809,,,,,,,,,,
14/11/2017, $58.94 ,"801,803",58.74508,,,,,,,,,,
15/11/2017, $58.41 ,"1,175,654",58.85007,,,,,,,,,,
16/11/2017, $59.28 ,"1,094,698",59.01373,,,,,,,,,,
17/11/2017, $59.02 ,"1,887,504",59.04939,,,,,,,,,,
20/11/2017, $59.73 ,"1,792,679",59.07239,,,,,,,,,,
21/11/2017, $60.41 ,"3,603,069",59.16906,,,,,,,,,,
22/11/2017, $60.04 ,"1,204,200",59.21006,,,,,,,,,,
24/11/2017, $60.58 ,"557,048",59.42439,,,,,,,,,,
27/11/2017, $59.82 ,"1,692,811",59.52405,,,,,,,,,,
28/11/2017, $59.85 ,"1,971,334",59.60938,,,,,,,,,,
29/11/2017, $57.21 ,"5,576,749",59.43639,,,,,,,,,,
30/11/2017, $57.52 ,"4,294,011",59.34706,,,,,,,,,,
01/12/2017, $56.90 ,"4,877,604",59.1084,,,,,,,,,,
04/12/2017, $55.53 ,"4,886,565",58.75907,,,,,,,,,,
05/12/2017, $55.57 ,"5,340,374",58.34374,,,,,,,,,,
06/12/2017, $55.75 ,"2,170,593",57.87808,,,,,,,,,,
07/12/2017, $56.30 ,"2,917,664",57.50342,,,,,,,,,,
08/12/2017, $56.01 ,"1,965,958",57.04576,,,,,,,,,,
11/12/2017, $56.34 ,"5,248,315",56.69777,,,,,,,,,,
12/12/2017, $55.79 ,"1,307,704",56.29211,,,,,,,,,,
13/12/2017, $55.78 ,"980,256",56.14911,,,,,,,,,,
14/12/2017, $55.73 ,"889,142",55.96978,,,,,,,,,,
15/12/2017, $56.60 ,"3,382,626",55.94011,,,,,,,,,,
18/12/2017, $57.81 ,"3,488,896",56.16845,,,,,,,,,,
19/12/2017, $57.65 ,"2,278,669",56.37578,,,,,,,,,,
20/12/2017, $58.07 ,"1,342,219",56.60711,,,,,,,,,,
21/12/2017, $57.45 ,"1,751,009",56.72278,,,,,,,,,,
22/12/2017, $57.42 ,"877,928",56.86411,,,,,,,,,,
26/12/2017, $56.85 ,"680,037",56.91444,,,,,,,,,,
27/12/2017, $57.03 ,"794,443",57.0381,,,,,,,,,,
28/12/2017, $57.19 ,"788,974",57.17876,,,,,,,,,,
29/12/2017, $56.60 ,"760,612",57.26643,,,,,,,,,,
02/01/2018, $58.14 ,"2,860,189",57.42043,,,,,,,,,,
03/01/2018, $59.16 ,"1,327,396",57.55476,,,,,,,,,,
04/01/2018, $59.49 ,"1,334,983",57.73909,,,,,,,,,,
05/01/2018, $59.83 ,"1,170,671",57.91542,,,,,,,,,,
08/01/2018, $60.30 ,"1,622,773",58.20008,,,,,,,,,,
09/01/2018, $59.71 ,"1,464,947",58.42875,,,,,,,,,,
10/01/2018, $58.99 ,"2,030,483",58.64308,,,,,,,,,,
11/01/2018, $59.34 ,"1,047,364",58.87441,,,,,,,,,,
12/01/2018, $59.66 ,"1,101,929",59.12174,,,,,,,,,,
16/01/2018, $59.86 ,"1,463,420",59.4474,,,,,,,,,,
17/01/2018, $61.60 ,"1,137,152",59.79307,,,,,,,,,,
18/01/2018, $61.87 ,"3,163,771",60.06473,,,,,,,,,,
19/01/2018, $61.94 ,"1,188,695",60.30939,,,,,,,,,,
22/01/2018, $62.40 ,"1,247,814",60.56605,,,,,,,,,,
23/01/2018, $62.90 ,"1,467,158",60.82571,,,,,,,,,,
24/01/2018, $61.46 ,"3,006,906",61.00071,,,,,,,,,,
25/01/2018, $60.39 ,"2,254,681",61.14071,,,,,,,,,,
26/01/2018, $62.32 ,"1,668,010",61.43838,,,,,,,,,,
29/01/2018, $62.23 ,"1,626,217",61.69505,,,,,,,,,,
30/01/2018, $60.99 ,"1,949,485",61.80838,,,,,,,,,,
31/01/2018, $61.49 ,"1,163,702",61.79771,,,,,,,,,,
01/02/2018, $61.19 ,"1,255,452",61.72905,,,,,,,,,,
02/02/2018, $59.54 ,"3,242,783",61.48939,,,,,,,,,,
05/02/2018, $56.74 ,"3,915,921",60.9234,,,,,,,,,,
06/02/2018, $58.79 ,"4,045,648",60.51274,,,,,,,,,,
07/02/2018, $57.53 ,"3,262,385",60.12007,,,,,,,,,,
08/02/2018, $55.11 ,"4,162,937",59.59241,,,,,,,,,,
09/02/2018, $56.70 ,"5,947,832",59.03041,,,,,,,,,,
12/02/2018, $57.79 ,"2,956,145",58.58641,,,,,,,,,,
13/02/2018, $57.72 ,"1,481,807",58.25942,,,,,,,,,,
14/02/2018, $59.08 ,"1,199,204",58.01809,,,,,,,,,,
15/02/2018, $59.78 ,"1,732,601",57.87742,,,,,,,,,,
16/02/2018, $59.57 ,"929,649",57.88009,,,,,,,,,,
20/02/2018, $60.62 ,"2,507,773",58.26842,,,,,,,,,,
21/02/2018, $59.92 ,"1,435,424",58.38175,,,,,,,,,,
22/02/2018, $59.79 ,"1,460,633",58.60775,,,,,,,,,,
23/02/2018, $61.07 ,"1,424,687",59.20341,,,,,,,,,,
26/02/2018, $62.39 ,"1,090,396",59.77207,,,,,,,,,,
27/02/2018, $62.18 ,"1,369,264",60.21107,,,,,,,,,,
28/02/2018, $61.63 ,"1,266,705",60.6014,,,,,,,,,,
01/03/2018, $60.65 ,"2,850,511",60.75906,,,,,,,,,,
02/03/2018, $61.68 ,"1,392,760",60.94939,,,,,,,,,,
05/03/2018, $62.24 ,"1,251,006",61.21638,,,,,,,,,,
06/03/2018, $63.17 ,"1,778,966",61.47171,,,,,,,,,,
07/03/2018, $63.38 ,"1,167,869",61.81704,,,,,,,,,,
08/03/2018, $63.43 ,"1,147,223",62.18137,,,,,,,,,,
09/03/2018, $64.75 ,"1,586,400",62.54937,,,,,,,,,,
12/03/2018, $65.44 ,"1,860,177",62.85437,,,,,,,,,,
13/03/2018, $64.43 ,"4,229,895",63.07903,,,,,,,,,,
14/03/2018, $64.42 ,"1,640,878",63.35836,,,,,,,,,,
15/03/2018, $64.37 ,"1,073,134",63.73003,,,,,,,,,,
16/03/2018, $64.34 ,"1,035,094",63.99603,,,,,,,,,,
19/03/2018, $63.12 ,"2,781,834",64.08403,,,,,,,,,,
20/03/2018, $63.58 ,"760,912",64.1247,,,,,,,,,,
21/03/2018, $63.70 ,"1,380,403",64.15704,,,,,,,,,,
22/03/2018, $61.90 ,"1,752,506",64.00371,,,,,,,,,,
23/03/2018, $59.84 ,"3,847,553",63.51271,,,,,,,,,,
26/03/2018, $62.34 ,"2,399,798",63.20271,,,,,,,,,,
27/03/2018, $60.04 ,"3,221,807",62.76438,,,,,,,,,,
28/03/2018, $58.74 ,"2,980,832",62.19671,,,,,,,,,,
29/03/2018, $60.02 ,"2,504,425",61.76138,,,,,,,,,,
02/04/2018, $57.72 ,"2,379,521",61.09939,,,,,,,,,,
03/04/2018, $58.82 ,"1,673,296",60.6694,,,,,,,,,,
04/04/2018, $59.57 ,"2,024,678",60.26873,,,,,,,,,,
05/04/2018, $58.96 ,"1,725,020",59.79506,,,,,,,,,,
06/04/2018, $57.18 ,"1,179,845",59.32306,,,,,,,,,,
09/04/2018, $57.54 ,"1,113,002",59.09306,,,,,,,,,,
10/04/2018, $59.38 ,"1,982,746",58.7974,,,,,,,,,,
11/04/2018, $59.40 ,"1,226,553",58.7334,,,,,,,,,,
12/04/2018, $60.52 ,"1,911,436",58.9114,,,,,,,,,,
13/04/2018, $60.08 ,"1,289,529",58.9174,,,,,,,,,,
16/04/2018, $60.18 ,"849,440",59.16339,,,,,,,,,,
17/04/2018, $61.32 ,"1,053,373",59.41405,,,,,,,,,,
18/04/2018, $60.72 ,"1,454,075",59.52872,,,,,,,,,,
19/04/2018, $58.09 ,"5,533,714",59.44173,,,,,,,,,,
20/04/2018, $57.41 ,"3,552,113",59.4644,,,,,,,,,,
23/04/2018, $56.64 ,"2,047,463",59.37474,,,,,,,,,,
24/04/2018, $56.19 ,"3,480,970",59.05541,,,,,,,,,,
25/04/2018, $56.12 ,"4,433,969",58.72675,,,,,,,,,,
26/04/2018, $57.26 ,"4,609,975",58.40076,,,,,,,,,,
27/04/2018, $56.86 ,"3,309,000",58.07943,,,,,,,,,,
30/04/2018, $56.24 ,"1,802,556",57.6851,,,,,,,,,,
01/05/2018, $57.16 ,"3,128,455",57.26911,,,,,,,,,,
02/05/2018, $56.91 ,"1,543,314",56.88811,,,,,,,,,,
03/05/2018, $57.25 ,"2,396,882",56.80377,,,,,,,,,,
04/05/2018, $58.59 ,"1,977,997",56.92243,,,,,,,,,,
07/05/2018, $59.16 ,"1,184,930",57.17409,,,,,,,,,,
08/05/2018, $59.51 ,"1,206,351",57.50642,,,,,,,,,,
09/05/2018, $60.42 ,"1,044,031",57.93642,,,,,,,,,,
10/05/2018, $61.52 ,"1,243,215",58.36175,,,,,,,,,,
11/05/2018, $61.07 ,"1,857,852",58.78208,,,,,,,,,,
14/05/2018, $61.81 ,"1,653,817",59.33941,,,,,,,,,,
15/05/2018, $61.14 ,"1,263,975",59.7374,,,,,,,,,,
16/05/2018, $61.93 ,"1,221,348",60.2394,,,,,,,,,,
17/05/2018, $61.75 ,"1,301,269",60.6894,,,,,,,,,,
18/05/2018, $60.87 ,"2,072,570",60.91674,,,,,,,,,,
21/05/2018, $61.48 ,"1,474,424",61.14841,,,,,,,,,,
22/05/2018, $61.82 ,"1,496,567",61.37941,,,,,,,,,,
23/05/2018, $62.15 ,"1,039,198",61.55307,,,,,,,,,,
24/05/2018, $62.40 ,"1,136,180",61.64173,,,,,,,,,,
25/05/2018, $62.91 ,"1,400,840",61.82572,,,,,,,,,,
29/05/2018, $62.53 ,"1,538,484",61.89705,,,,,,,,,,
30/05/2018, $62.93 ,"2,143,413",62.07605,,,,,,,,,,
31/05/2018, $62.48 ,"1,606,486",62.13071,,,,,,,,,,
01/06/2018, $63.90 ,"1,060,384",62.34571,,,,,,,,,,
04/06/2018, $64.41 ,"1,171,037",62.6997,,,,,,,,,,
05/06/2018, $64.71 ,"641,502",63.02336,,,,,,,,,,
06/06/2018, $65.12 ,"1,268,220",63.35369,,,,,,,,,,
07/06/2018, $64.54 ,"2,084,045",63.59269,,,,,,,,,,
08/06/2018, $63.97 ,"2,429,601",63.74902,,,,,,,,,,
11/06/2018, $63.84 ,"1,278,189",63.84269,,,,,,,,,,
12/06/2018, $64.17 ,"932,448",64.00736,,,,,,,,,,
13/06/2018, $64.08 ,"9,157,105",64.12169,,,,,,,,,,
14/06/2018, $64.46 ,"1,635,631",64.32003,,,,,,,,,,
15/06/2018, $64.40 ,"1,122,713",64.37036,,,,,,,,,,
18/06/2018, $63.78 ,"1,675,825",64.30803,,,,,,,,,,
19/06/2018, $63.08 ,"2,630,900",64.14503,,,,,,,,,,
20/06/2018, $63.39 ,"2,007,686",63.97136,,,,,,,,,,
21/06/2018, $62.60 ,"1,245,909",63.77703,,,,,,,,,,
22/06/2018, $62.10 ,"1,116,338",63.5907,,,,,,,,,,
25/06/2018, $60.28 ,"5,441,241",63.23404,,,,,,,,,,
26/06/2018, $60.28 ,"11,004,146",62.84504,,,,,,,,,,
27/06/2018, $58.84 ,"2,363,885",62.32171,,,,,,,,,,
28/06/2018, $59.29 ,"4,067,761",61.80471,,,,,,,,,,
29/06/2018, $59.41 ,"1,278,120",61.30571,,,,,,,,,,
02/07/2018, $59.79 ,"2,097,422",60.90605,,,,,,,,,,
03/07/2018, $58.70 ,"1,141,526",60.46739,,,,,,,,,,
05/07/2018, $60.27 ,"1,340,953",60.1554,,,,,,,,,,
06/07/2018, $61.01 ,"2,263,909",59.99607,,,,,,,,,,
09/07/2018, $61.40 ,"1,360,105",59.92541,,,,,,,,,,
10/07/2018, $62.05 ,"1,403,690",60.1024,,,,,,,,,,
11/07/2018, $60.45 ,"1,998,616",60.1194,,,,,,,,,,
12/07/2018, $60.86 ,"2,267,770",60.32107,,,,,,,,,,
13/07/2018, $60.64 ,"803,147",60.45607,,,,,,,,,,
16/07/2018, $60.56 ,"612,705",60.57041,,,,,,,,,,
17/07/2018, $61.43 ,"4,140,497",60.73441,,,,,,,,,,
18/07/2018, $61.90 ,"923,430",61.05474,,,,,,,,,,
19/07/2018, $61.76 ,"871,358",61.2044,,,,,,,,,,
20/07/2018, $61.47 ,"871,937",61.25106,,,,,,,,,,
23/07/2018, $61.56 ,"1,001,311",61.26706,,,,,,,,,,
24/07/2018, $60.89 ,"1,883,880",61.15107,,,,,,,,,,
25/07/2018, $61.12 ,"16,250,682",61.21741,,,,,,,,,,
26/07/2018, $62.31 ,"7,296,402",61.36241,,,,,,,,,,
27/07/2018, $62.03 ,"5,193,258",61.50174,,,,,,,,,,
30/07/2018, $61.43 ,"2,500,159",61.58874,,,,,,,,,,
31/07/2018, $61.83 ,"2,271,061",61.6294,,,,,,,,,,
01/08/2018, $61.74 ,"3,727,714",61.61373,,,,,,,,,,
02/08/2018, $62.35 ,"2,253,481",61.6724,,,,,,,,,,
03/08/2018, $62.48 ,"1,344,373",61.77307,,,,,,,,,,
06/08/2018, $62.86 ,"778,210",61.90306,,,,,,,,,,
07/08/2018, $63.36 ,"9,880,124",62.15005,,,,,,,,,,
08/08/2018, $63.50 ,"1,116,671",62.38871,,,,,,,,,,
09/08/2018, $62.88 ,"2,218,846",62.44537,,,,,,,,,,
10/08/2018, $61.32 ,"3,248,786",62.37371,,,,,,,,,,
13/08/2018, $61.41 ,"1,687,495",62.37171,,,,,,,,,,
14/08/2018, $61.28 ,"1,609,657",62.31671,,,,,,,,,,
15/08/2018, $60.43 ,"3,068,031",62.18571,,,,,,,,,,
16/08/2018, $60.36 ,"1,419,779",61.98638,,,,,,,,,,
17/08/2018, $59.91 ,"2,195,448",61.72905,,,,,,,,,,
20/08/2018, $59.85 ,"957,162",61.42872,,,,,,,,,,
21/08/2018, $61.02 ,"2,549,701",61.19506,,,,,,,,,,
22/08/2018, $61.31 ,"1,440,317",60.9754,,,,,,,,,,
23/08/2018, $61.38 ,"1,847,583",60.82541,,,,,,,,,,
24/08/2018, $62.27 ,"1,685,044",60.9204,,,,,,,,,,
27/08/2018, $63.26 ,"17,874,025",61.10539,,,,,,,,,,
28/08/2018, $63.50 ,"1,616,251",61.32706,,,,,,,,,,
29/08/2018, $63.67 ,"4,280,655",61.65039,,,,,,,,,,
30/08/2018, $63.10 ,"1,811,433",61.92438,,,,,,,,,,
31/08/2018, $63.44 ,"1,099,822",62.27771,,,,,,,,,,
04/09/2018, $63.95 ,"1,289,697",62.68738,,,,,,,,,,
05/09/2018, $63.64 ,"1,580,160",62.94938,,,,,,,,,,
06/09/2018, $61.95 ,"1,494,137",63.01404,,,,,,,,,,
07/09/2018, $61.70 ,"8,401,002",63.04603,,,,,,,,,,
10/09/2018, $62.35 ,"951,141",63.05437,,,,,,,,,,
11/09/2018, $61.75 ,"1,735,349",62.90337,,,,,,,,,,
12/09/2018, $61.03 ,"2,111,361",62.6567,,,,,,,,,,
13/09/2018, $61.73 ,"2,159,631",62.46304,,,,,,,,,,
14/09/2018, $62.42 ,"1,979,185",62.39571,,,,,,,,,,
17/09/2018, $61.55 ,"1,527,693",62.20704,,,,,,,,,,
18/09/2018, $62.08 ,"1,312,696",62.02037,,,,,,,,,,
19/09/2018, $62.18 ,"1,105,034",61.87437,,,,,,,,,,
20/09/2018, $62.93 ,"1,450,247",61.97237,,,,,,,,,,
21/09/2018, $62.76 ,"1,707,635",62.07904,,,,,,,,,,
24/09/2018, $62.98 ,"833,375",62.14204,,,,,,,,,,
25/09/2018, $61.98 ,"1,470,431",62.16504,,,,,,,,,,
26/09/2018, $61.07 ,"1,049,623",62.16838,,,,,,,,,,
27/09/2018, $61.30 ,"1,055,686",62.12505,,,,,,,,,,
28/09/2018, $61.68 ,"2,376,581",62.05105,,,,,,,,,,
01/10/2018, $61.90 ,"1,025,164",62.08538,,,,,,,,,,
02/10/2018, $61.90 ,"2,016,869",62.06671,,,,,,,,,,
03/10/2018, $61.95 ,"1,986,229",62.04404,,,,,,,,,,
04/10/2018, $60.86 ,"1,919,197",61.83638,,,,,,,,,,
05/10/2018, $59.42 ,"2,436,894",61.50172,,,,,,,,,,
08/10/2018, $58.75 ,"2,152,230",61.07905,,,,,,,,,,
09/10/2018, $58.69 ,"1,609,681",60.75006,,,,,,,,,,
10/10/2018, $56.10 ,"6,056,400",60.25306,,,,,,,,,,
11/10/2018, $55.54 ,"4,370,437",59.67706,,,,,,,,,,
12/10/2018, $56.55 ,"4,856,169",59.1634,,,,,,,,,,
15/10/2018, $56.08 ,"3,884,024",58.58208,,,,,,,,,,
16/10/2018, $57.91 ,"1,955,137",58.18342,,,,,,,,,,
17/10/2018, $57.68 ,"2,425,500",57.75609,,,,,,,,,,
18/10/2018, $56.24 ,"4,058,644",57.29409,,,,,,,,,,
19/10/2018, $55.39 ,"3,382,737",56.89176,,,,,,,,,,
22/10/2018, $55.73 ,"3,923,793",56.58977,,,,,,,,,,
23/10/2018, $55.44 ,"4,304,599",56.26544,,,,,,,,,,
24/10/2018, $51.81 ,"9,218,717",55.83644,,,,,,,,,,
25/10/2018, $52.96 ,"9,226,652",55.57911,,,,,,,,,,
26/10/2018, $52.04 ,"3,910,323",55.12878,,,,,,,,,,
29/10/2018, $51.50 ,"4,422,530",54.67045,,,,,,,,,,
30/10/2018, $53.64 ,"2,496,999",54.24346,,,,,,,,,,
31/10/2018, $54.32 ,"3,280,202",53.90747,,,,,,,,,,
01/11/2018, $56.87 ,"3,511,526",53.9708,,,,,,,,,,
02/11/2018, $56.01 ,"2,514,736",54.0328,,,,,,,,,,
05/11/2018, $55.50 ,"2,405,253",54.0098,,,,,,,,,,
06/11/2018, $56.15 ,"1,184,375",54.08046,,,,,,,,,,
07/11/2018, $56.79 ,"1,827,864",54.57846,,,,,,,,,,
08/11/2018, $56.63 ,"1,559,025",54.94546,,,,,,,,,,
09/11/2018, $55.55 ,"1,690,240",55.29646,,,,,,,,,,
12/11/2018, $53.07 ,"2,249,215",55.45379,,,,,,,,,,
13/11/2018, $53.80 ,"2,411,025",55.47012,,,,,,,,,,
14/11/2018, $54.04 ,"3,722,155",55.44212,,,,,,,,,,
15/11/2018, $55.87 ,"4,928,989",55.34179,,,,,,,,,,
16/11/2018, $55.19 ,"4,494,308",55.25979,,,,,,,,,,
19/11/2018, $53.08 ,"2,579,002",55.01779,,,,,,,,,,
20/11/2018, $53.15 ,"3,122,518",54.7178,,,,,,,,,,
21/11/2018, $53.37 ,"2,260,213",54.37614,,,,,,,,,,
23/11/2018, $53.40 ,"1,488,122",54.05281,,,,,,,,,,
26/11/2018, $54.37 ,"1,907,428",53.93414,,,,,,,,,,
27/11/2018, $54.45 ,"2,013,101",54.07147,,,,,,,,,,
28/11/2018, $55.72 ,"1,681,159",54.26313,,,,,,,,,,
29/11/2018, $55.31 ,"2,874,337",54.39046,,,,,,,,,,
30/11/2018, $56.08 ,"1,840,827",54.41213,,,,,,,,,,
03/12/2018, $57.56 ,"2,338,583",54.64846,,,,,,,,,,
04/12/2018, $54.80 ,"2,077,082",54.82046,,,,,,,,,,
06/12/2018, $54.52 ,"5,354,411",54.95779,,,,,,,,,,
07/12/2018, $52.49 ,"1,956,274",54.86979,,,,,,,,,,
10/12/2018, $53.16 ,"1,613,068",54.84612,,,,,,,,,,
11/12/2018, $53.50 ,"2,491,914",54.75979,,,,,,,,,,
12/12/2018, $54.26 ,"1,403,738",54.74146,,,,,,,,,,
13/12/2018, $54.15 ,"1,341,148",54.58447,,,,,,,,,,
14/12/2018, $53.38 ,"1,363,645",54.39147,,,,,,,,,,
17/12/2018, $52.58 ,"1,176,398",54.04114,,,,,,,,,,
18/12/2018, $53.27 ,"2,520,355",53.61281,,,,,,,,,,
19/12/2018, $51.01 ,"3,022,881",53.23315,,,,,,,,,,
20/12/2018, $50.65 ,"3,256,505",52.84615,,,,,,,,,,
21/12/2018, $49.79 ,"2,780,052",52.57648,,,,,,,,,,
24/12/2018, $48.33 ,"2,641,817",52.09349,,,,,,,,,,
26/12/2018, $51.23 ,"4,233,870",51.86649,,,,,,,,,,
27/12/2018, $51.57 ,#N/A,51.59716,,,,,,,,,,
28/12/2018, $51.94 ,"1,011,907",51.37616,,,,,,,,,,
31/12/2018, $52.30 ,"1,884,879",51.26816,,,,,,,,,,
02/01/2019, $52.64 ,"2,288,701",51.27416,,,,,,,,,,
03/01/2019, $49.57 ,"3,070,224",50.90383,,,,,,,,,,
04/01/2019, $51.81 ,"2,537,371",50.98382,,,,,,,,,,
07/01/2019, $52.76 ,"1,679,599",51.19482,,,,,,,,,,
08/01/2019, $52.53 ,"1,527,957",51.46882,,,,,,,,,,
09/01/2019, $53.88 ,"2,304,695",52.02381,,,,,,,,,,
10/01/2019, $54.36 ,"1,256,706",52.33648,,,,,,,,,,
11/01/2019, $54.94 ,"1,290,342",52.67381,,,,,,,,,,
14/01/2019, $54.05 ,"853,532",52.88481,,,,,,,,,,
15/01/2019, $54.21 ,"881,999",53.07514,,,,,,,,,,
16/01/2019, $53.71 ,"856,658",53.18214,,,,,,,,,,
17/01/2019, $54.21 ,"2,193,573",53.6458,,,,,,,,,,
18/01/2019, $55.62 ,"1,574,538",54.0268,,,,,,,,,,
22/01/2019, $54.02 ,"2,130,570",54.15213,,,,,,,,,,
23/01/2019, $53.64 ,"2,081,639",54.26246,,,,,,,,,,
24/01/2019, $56.75 ,"5,847,058",54.54946,,,,,,,,,,
25/01/2019, $57.93 ,"3,126,751",54.90645,,,,,,,,,,
28/01/2019, $56.79 ,"2,410,884",55.09078,,,,,,,,,,
29/01/2019, $55.97 ,"4,396,789",55.28244,,,,,,,,,,
30/01/2019, $57.59 ,"3,006,612",55.62077,,,,,,,,,,
31/01/2019, $57.56 ,"1,462,118",56.0061,,,,,,,,,,
01/02/2019, $58.25 ,"1,514,907",56.41077,,,,,,,,,,
04/02/2019, $58.55 ,"627,072",56.70377,,,,,,,,,,
05/02/2019, $58.81 ,"1,291,323",57.18343,,,,,,,,,,
06/02/2019, $60.40 ,"2,562,664",57.85943,,,,,,,,,,
07/02/2019, $59.09 ,"3,159,157",58.09276,,,,,,,,,,
08/02/2019, $58.98 ,"1,882,950",58.19809,,,,,,,,,,
11/02/2019, $59.27 ,"741,538",58.44675,,,,,,,,,,
12/02/2019, $60.53 ,"2,019,935",58.90275,,,,,,,,,,
13/02/2019, $60.72 ,"906,711",59.21575,,,,,,,,,,
14/02/2019, $60.88 ,"1,004,755",59.54774,,,,,,,,,,
15/02/2019, $61.20 ,"742,477",59.84207,,,,,,,,,,
19/02/2019, $61.11 ,"1,182,929",60.09873,,,,,,,,,,
20/02/2019, $61.63 ,"1,037,167",60.38073,,,,,,,,,,
21/02/2019, $61.18 ,"1,153,070",60.45873,,,,,,,,,,
22/02/2019, $61.83 ,"880,772",60.73339,,,,,,,,,,
25/02/2019, $62.34 ,"2,355,749",61.06939,,,,,,,,,,
26/02/2019, $61.95 ,"865,493",61.33739,,,,,,,,,,
27/02/2019, $61.21 ,"2,977,868",61.40572,,,,,,,,,,
28/02/2019, $61.25 ,"1,235,898",61.45839,,,,,,,,,,
01/03/2019, $61.79 ,"1,433,345",61.54906,,,,,,,,,,
04/03/2019, $61.80 ,"1,755,674",61.60905,,,,,,,,,,
05/03/2019, $61.56 ,"1,330,465",61.65372,,,,,,,,,,
06/03/2019, $60.54 ,"1,412,324",61.54472,,,,,,,,,,
07/03/2019, $59.89 ,"2,994,104",61.41605,,,,,,,,,,
08/03/2019, $59.84 ,"1,491,023",61.21639,,,,,,,,,,
11/03/2019, $61.23 ,"1,993,894",61.10506,,,,,,,,,,
12/03/2019, $61.46 ,"1,968,424",61.05573,,,,,,,,,,
13/03/2019, $61.71 ,"1,230,837",61.10539,,,,,,,,,,
14/03/2019, $61.37 ,"1,775,732",61.11772,,,,,,,,,,
15/03/2019, $63.15 ,"3,952,761",61.25372,,,,,,,,,,
18/03/2019, $63.05 ,"2,697,008",61.37939,,,,,,,,,,
19/03/2019, $63.87 ,"1,991,428",61.61039,,,,,,,,,,
20/03/2019, $63.10 ,"2,508,658",61.86606,,,,,,,,,,
21/03/2019, $65.28 ,"2,802,277",62.40505,,,,,,,,,,
22/03/2019, $63.44 ,"4,417,196",62.76538,,,,,,,,,,
25/03/2019, $62.65 ,"2,944,964",62.90704,,,,,,,,,,
26/03/2019, $63.25 ,"3,841,376",63.0857,,,,,,,,,,
27/03/2019, $62.36 ,"3,971,172",63.15104,,,,,,,,,,
28/03/2019, $62.26 ,"1,386,628",63.2397,,,,,,,,,,
29/03/2019, $63.18 ,"1,725,836",63.2427,,,,,,,,,,
01/04/2019, $64.76 ,"1,964,467",63.41303,,,,,,,,,,
02/04/2019, $64.85 ,"1,459,472",63.51136,,,,,,,,,,
03/04/2019, $66.29 ,"3,218,177",63.83002,,,,,,,,,,
04/04/2019, $66.43 ,"1,617,295",63.94502,,,,,,,,,,
05/04/2019, $66.91 ,"1,223,841",64.29201,,,,,,,,,,
08/04/2019, $67.07 ,"1,380,382",64.73401,,,,,,,,,,
09/04/2019, $66.37 ,"1,483,634",65.04634,,,,,,,,,,
10/04/2019, $66.88 ,"1,267,374",65.49867,,,,,,,,,,
11/04/2019, $66.83 ,"935,553",65.95567,,,,,,,,,,
12/04/2019, $67.75 ,"1,030,537",66.413,,,,,,,,,,
15/04/2019, $67.25 ,"1,770,035",66.66233,,,,,,,,,,
16/04/2019, $69.40 ,"3,217,046",67.11732,,,,,,,,,,
17/04/2019, $70.55 ,"3,275,654",67.54398,,,,,,,,,,
18/04/2019, $70.56 ,"1,084,012",67.95731,,,,,,,,,,
22/04/2019, $70.51 ,"912,213",68.31731,,,,,,,,,,
23/04/2019, $71.24 ,"2,014,910",68.73431,,,,,,,,,,
24/04/2019, $71.90 ,"2,025,980",69.28697,,,,,,,,,,
25/04/2019, $70.63 ,"2,073,185",69.66196,,,,,,,,,,
26/04/2019, $70.05 ,"3,381,048",69.98429,,,,,,,,,,
29/04/2019, $69.97 ,"2,680,658",70.20562,,,,,,,,,,
30/04/2019, $70.52 ,"3,088,782",70.53262,,,,,,,,,,
01/05/2019, $69.96 ,"4,019,152",70.58796,,,,,,,,,,
02/05/2019, $70.63 ,"3,421,234",70.59563,,,,,,,,,,
03/05/2019, $71.18 ,"2,269,690",70.65763,,,,,,,,,,
06/05/2019, $70.02 ,"2,263,066",70.60896,,,,,,,,,,
07/05/2019, $68.30 ,"3,220,844",70.31529,,,,,,,,,,
08/05/2019, $67.72 ,"3,102,622",69.8973,,,,,,,,,,
09/05/2019, $66.97 ,"2,976,449",69.53097,,,,,,,,,,
10/05/2019, $67.07 ,"3,737,020",69.23264,,,,,,,,,,
13/05/2019, $63.93 ,"4,853,670",68.62898,,,,,,,,,,
14/05/2019, $65.40 ,"2,827,864",68.11732,,,,,,,,,,
15/05/2019, $65.91 ,"5,168,367",67.71232,,,,,,,,,,
16/05/2019, $64.87 ,"6,997,881",67.13599,,,,,,,,,,
17/05/2019, $63.60 ,"5,015,471",66.378,,,,,,,,,,
20/05/2019, $61.07 ,"4,640,848",65.48235,,,,,,,,,,
21/05/2019, $62.32 ,"5,167,617",64.88402,,,,,,,,,,
22/05/2019, $61.00 ,"3,254,165",64.21236,,,,,,,,,,
23/05/2019, $60.05 ,"3,725,362",63.52037,,,,,,,,,,
24/05/2019, $59.53 ,"2,273,071",62.76638,,,,,,,,,,
28/05/2019, $59.02 ,"2,389,460",62.27505,,,,,,,,,,
29/05/2019, $59.23 ,"4,244,349",61.65772,,,,,,,,,,
30/05/2019, $59.73 ,"2,000,093",61.04006,,,,,,,,,,
31/05/2019, $58.84 ,"3,330,876",60.4374,,,,,,,,,,
03/06/2019, $58.98 ,"2,988,443",59.97507,,,,,,,,,,
04/06/2019, $61.56 ,"3,156,565",60.0244,,,,,,,,,,
05/06/2019, $61.12 ,"3,273,689",59.90441,,,,,,,,,,
06/06/2019, $61.96 ,"957,063",60.00074,,,,,,,,,,
07/06/2019, $62.66 ,"1,468,502",60.26207,,,,,,,,,,
10/06/2019, $64.19 ,"3,907,716",60.7284,,,,,,,,,,
11/06/2019, $64.45 ,"3,401,017",61.27139,,,,,,,,,,
12/06/2019, $62.95 ,"1,450,745",61.64339,,,,,,,,,,
13/06/2019, $63.25 ,"1,143,212",61.99572,,,,,,,,,,
14/06/2019, $61.66 ,"2,081,696",62.27772,,,,,,,,,,
17/06/2019, $60.95 ,"1,074,832",62.47505,,,,,,,,,,
18/06/2019, $63.59 ,"2,850,121",62.67805,,,,,,,,,,
19/06/2019, $63.72 ,"1,432,589",62.93804,,,,,,,,,,
20/06/2019, $64.25 ,"3,371,433",63.16704,,,,,,,,,,
21/06/2019, $63.89 ,"1,334,215",63.28937,,,,,,,,,,
24/06/2019, $63.95 ,"2,115,852",63.2657,,,,,,,,,,
25/06/2019, $63.07 ,"1,416,671",63.12804,,,,,,,,,,
26/06/2019, $65.11 ,"1,755,248",63.3437,,,,,,,,,,
27/06/2019, $66.05 ,"1,560,972",63.6237,,,,,,,,,,
28/06/2019, $66.14 ,"2,530,060",64.07136,,,,,,,,,,
01/07/2019, $67.80 ,"4,798,001",64.75636,,,,,,,,,,
02/07/2019, $66.96 ,"1,380,862",65.09302,,,,,,,,,,
03/07/2019, $66.65 ,"737,857",65.38635,,,,,,,,,,
05/07/2019, $66.27 ,"934,194",65.58801,,,,,,,,,,
08/07/2019, $65.76 ,"581,381",65.77501,,,,,,,,,,
09/07/2019, $66.17 ,"1,347,295",65.99634,,,,,,,,,,
10/07/2019, $66.70 ,"1,423,979",66.35933,,,,,,,,,,
11/07/2019, $66.89 ,"2,578,780",66.53733,,,,,,,,,,
12/07/2019, $68.10 ,"1,315,588",66.74233,,,,,,,,,,
15/07/2019, $68.70 ,"684,246",66.99866,,,,,,,,,,
16/07/2019, $67.97 ,"1,125,449",67.01532,,,,,,,,,,
17/07/2019, $68.17 ,"786,994",67.13699,,,,,,,,,,
18/07/2019, $69.16 ,"1,047,832",67.38799,,,,,,,,,,
19/07/2019, $69.08 ,"1,311,961",67.66899,,,,,,,,,,
22/07/2019, $70.40 ,"2,729,790",68.13332,,,,,,,,,,
23/07/2019, $71.30 ,"1,297,554",68.64698,,,,,,,,,,
24/07/2019, $73.48 ,"2,436,180",69.32464,,,,,,,,,,
25/07/2019, $72.24 ,"1,846,506",69.8603,,,,,,,,,,
26/07/2019, $72.22 ,"626,271",70.27229,,,,,,,,,,
29/07/2019, $72.42 ,"2,041,817",70.64429,,,,,,,,,,
30/07/2019, $72.26 ,"789,628",71.07295,,,,,,,,,,
31/07/2019, $69.86 ,"1,374,586",71.24161,,,,,,,,,,
01/08/2019, $68.48 ,"2,578,729",71.17361,,,,,,,,,,
02/08/2019, $67.47 ,"2,328,890",71.01261,,,,,,,,,,
05/08/2019, $64.56 ,"2,511,277",70.42828,,,,,,,,,,
06/08/2019, $65.38 ,"1,479,683",69.83595,,,,,,,,,,
07/08/2019, $65.79 ,"2,180,271",69.06763,,,,,,,,,,
08/08/2019, $67.62 ,"2,165,541",68.60497,,,,,,,,,,
09/08/2019, $66.44 ,"1,893,660",68.02631,,,,,,,,,,
12/08/2019, $65.57 ,"1,178,156",67.34098,,,,,,,,,,
13/08/2019, $67.50 ,"2,205,043",66.86566,,,,,,,,,,
14/08/2019, $65.43 ,"2,766,936",66.42233,,,,,,,,,,
15/08/2019, $65.31 ,"968,502",66.105,,,,,,,,,,
16/08/2019, $67.05 ,"1,511,298",66.06267,,,,,,,,,,
19/08/2019, $68.28 ,"4,558,095",66.435,,,,,,,,,,
20/08/2019, $68.03 ,"732,895",66.69967,,,,,,,,,,
21/08/2019, $68.58 ,"700,351",66.97866,,,,,,,,,,
22/08/2019, $68.63 ,"5,985,677",67.07999,,,,,,,,,,
23/08/2019, $65.60 ,"1,697,368",66.99666,,,,,,,,,,
26/08/2019, $66.16 ,"998,544",67.05599,,,,,,,,,,
27/08/2019, $65.91 ,"1,290,663",66.89699,,,,,,,,,,
28/08/2019, $66.33 ,"726,151",66.98732,,,,,,,,,,
29/08/2019, $67.92 ,"3,754,861",67.24899,,,,,,,,,,
30/08/2019, $68.24 ,"1,014,700",67.36866,,,,,,,,,,
03/09/2019, $67.12 ,"2,833,435",67.25266,,,,,,,,,,
04/09/2019, $68.92 ,"1,388,656",67.34232,,,,,,,,,,
05/09/2019, $71.04 ,"2,037,788",67.58832,,,,,,,,,,
06/09/2019, $71.23 ,"1,273,476",67.84865,,,,,,,,,,
09/09/2019, $71.49 ,"962,373",68.43764,,,,,,,,,,
10/09/2019, $71.81 ,"1,291,905",69.00297,,,,,,,,,,
11/09/2019, $72.89 ,"1,415,462",69.70063,,,,,,,,,,
12/09/2019, $73.05 ,"1,719,803",70.37296,,,,,,,,,,
13/09/2019, $72.91 ,"1,310,512",70.87128,,,,,,,,,,
16/09/2019, $72.44 ,"840,785",71.2906,,,,,,,,,,
17/09/2019, $72.60 ,"668,481",71.83826,,,,,,,,,,
18/09/2019, $72.73 ,"655,002",72.21893,,,,,,,,,,
19/09/2019, $72.25 ,"1,059,034",72.33993,,,,,,,,,,
20/09/2019, $70.92 ,"1,945,702",72.30893,,,,,,,,,,
23/09/2019, $71.76 ,"2,118,237",72.3356,,,,,,,,,,
24/09/2019, $70.26 ,"1,181,114",72.18027,,,,,,,,,,
25/09/2019, $71.44 ,"1,034,038",72.03494,,,,,,,,,,
26/09/2019, $71.53 ,"1,075,303",71.88228,,,,,,,,,,
27/09/2019, $69.85 ,"2,078,015",71.57695,,,,,,,,,,
30/09/2019, $70.47 ,"1,079,827",71.38029,,,,,,,,,,
01/10/2019, $69.81 ,"1,822,536",71.10163,,,,,,,,,,
02/10/2019, $68.79 ,"1,330,621",70.70763,,,,,,,,,,
03/10/2019, $70.00 ,"1,606,396",70.4823,,,,,,,,,,
04/10/2019, $71.16 ,"1,224,540",70.5063,,,,,,,,,,
07/10/2019, $70.75 ,"1,224,837",70.40497,,,,,,,,,,
08/10/2019, $68.56 ,"2,051,939",70.23464,,,,,,,,,,
09/10/2019, $69.68 ,"1,414,421",70.05864,,,,,,,,,,
10/10/2019, $70.36 ,"1,123,829",69.94164,,,,,,,,,,
11/10/2019, $72.02 ,"1,947,184",70.15797,,,,,,,,,,
14/10/2019, $72.01 ,"1,112,051",70.31163,,,,,,,,,,
15/10/2019, $73.59 ,"1,326,859",70.68963,,,,,,,,,,
16/10/2019, $72.55 ,"1,764,647",71.06529,,,,,,,,,,
17/10/2019, $72.67 ,"1,289,745",71.33229,,,,,,,,,,
18/10/2019, $71.90 ,"944,358",71.40596,,,,,,,,,,
21/10/2019, $73.32 ,"1,300,177",71.66295,,,,,,,,,,
22/10/2019, $72.68 ,"1,194,839",72.07494,,,,,,,,,,
23/10/2019, $71.28 ,"1,601,011",72.23494,,,,,,,,,,
24/10/2019, $73.04 ,"1,951,087",72.50327,,,,,,,,,,
25/10/2019, $74.57 ,"1,860,009",72.75827,,,,,,,,,,
28/10/2019, $75.92 ,"1,167,362",73.14994,,,,,,,,,,
29/10/2019, $75.14 ,"1,164,365",73.3046,,,,,,,,,,
30/10/2019, $75.16 ,"1,071,886",73.56627,,,,,,,,,,
31/10/2019, $74.78 ,"866,483",73.7776,,,,,,,,,,
01/11/2019, $76.50 ,"1,989,613",74.23759,,,,,,,,,,
04/11/2019, $78.20 ,"1,997,395",74.72626,,,,,,,,,,
05/11/2019, $78.25 ,"1,095,532",75.28326,,,,,,,,,,
06/11/2019, $77.72 ,"1,636,798",75.92792,,,,,,,,,,
07/11/2019, $78.19 ,"1,492,118",76.44325,,,,,,,,,,
08/11/2019, $78.59 ,"1,048,471",76.84525,,,,,,,,,,
11/11/2019, $78.26 ,"836,375",77.07925,,,,,,,,,,
12/11/2019, $78.42 ,"1,444,193",77.40791,,,,,,,,,,
13/11/2019, $78.51 ,"929,793",77.74224,,,,,,,,,,
14/11/2019, $78.25 ,"976,995",78.08857,,,,,,,,,,
15/11/2019, $78.96 ,"977,481",78.3349,,,,,,,,,,
18/11/2019, $78.78 ,"804,707",78.39289,,,,,,,,,,
19/11/2019, $78.39 ,"732,724",78.40722,,,,,,,,,,
20/11/2019, $77.47 ,"1,416,674",78.38155,,,,,,,,,,
21/11/2019, $76.64 ,"2,086,826",78.22621,,,,,,,,,,
22/11/2019, $76.56 ,"1,028,497",78.02354,,,,,,,,,,
25/11/2019, $78.40 ,"1,229,067",78.03687,,,,,,,,,,
26/11/2019, $78.10 ,"2,139,651",78.00488,,,,,,,,,,
27/11/2019, $78.67 ,"775,240",78.02088,,,,,,,,,,
29/11/2019, $77.82 ,"614,979",77.97855,,,,,,,,,,
02/12/2019, $76.63 ,"1,428,944",77.74489,,,,,,,,,,
03/12/2019, $75.44 ,"2,039,231",77.41056,,,,,,,,,,
04/12/2019, $76.63 ,"1,081,534",77.2349,,,,,,,,,,
05/12/2019, $77.02 ,"1,404,509",77.1899,,,,,,,,,,
06/12/2019, $78.13 ,"921,576",77.3389,,,,,,,,,,
09/12/2019, $77.77 ,"520,346",77.46024,,,,,,,,,,
10/12/2019, $78.10 ,"522,086",77.43091,,,,,,,,,,
11/12/2019, $79.70 ,"1,459,031",77.5909,,,,,,,,,,
12/12/2019, $81.86 ,"2,179,392",77.91056,,,,,,,,,,
13/12/2019, $81.50 ,"1,735,856",78.27855,,,,,,,,,,
16/12/2019, $81.99 ,"2,100,258",78.81521,,,,,,,,,,
17/12/2019, $82.36 ,"974,217",79.50754,,,,,,,,,,
18/12/2019, $82.32 ,"967,758",80.0762,,,,,,,,,,
19/12/2019, $82.98 ,"1,063,435",80.67286,,,,,,,,,,
20/12/2019, $83.77 ,"1,035,619",81.23719,,,,,,,,,,
23/12/2019, $84.04 ,"1,356,169",81.86385,,,,,,,,,,
24/12/2019, $84.18 ,"504,284",82.47117,,,,,,,,,,
26/12/2019, $84.27 ,"654,078",82.92817,,,,,,,,,,
27/12/2019, $84.11 ,"1,104,152",83.1525,,,,,,,,,,
30/12/2019, $83.47 ,"1,119,542",83.3495,,,,,,,,,,
31/12/2019, $83.70 ,"604,086",83.52017,,,,,,,,,,
02/01/2020, $85.43 ,"1,276,260",83.82683,,,,,,,,,,
03/01/2020, $83.84 ,"1,234,905",83.97849,,,,,,,,,,
06/01/2020, $82.96 ,"1,618,495",83.97649,,,,,,,,,,
07/01/2020, $84.49 ,"1,192,784",84.04816,,,,,,,,,,
08/01/2020, $84.41 ,"1,298,124",84.08549,,,,,,,,,,
09/01/2020, $84.95 ,"640,092",84.16249,,,,,,,,,,
10/01/2020, $84.45 ,"1,951,978",84.18049,,,,,,,,,,
13/01/2020, $85.44 ,"951,924",84.31382,,,,,,,,,,
14/01/2020, $85.63 ,"896,834",84.52915,,,,,,,,,,
15/01/2020, $84.72 ,"1,514,409",84.63115,,,,,,,,,,
16/01/2020, $86.06 ,"1,709,762",84.69415,,,,,,,,,,
17/01/2020, $86.71 ,"1,016,572",84.98115,,,,,,,,,,
21/01/2020, $86.66 ,"1,653,445",85.35048,,,,,,,,,,
22/01/2020, $87.24 ,"1,251,492",85.62547,,,,,,,,,,
23/01/2020, $87.90 ,"1,077,367",85.97413,,,,,,,,,,
24/01/2020, $86.97 ,"1,625,500",86.17613,,,,,,,,,,
27/01/2020, $83.65 ,"3,212,618",86.09546,,,,,,,,,,
28/01/2020, $85.59 ,"2,360,039",86.11013,,,,,,,,,,
29/01/2020, $84.01 ,"1,170,437",85.9488,,,,,,,,,,
30/01/2020, $84.02 ,"1,739,192",85.87846,,,,,,,,,,
31/01/2020, $81.02 ,"2,149,122",85.37447,,,,,,,,,,
03/02/2020, $81.93 ,"1,722,335",84.89647,,,,,,,,,,
04/02/2020, $84.49 ,"2,465,190",84.67947,,,,,,,,,,
05/02/2020, $86.43 ,"2,009,090",84.59881,,,,,,,,,,
06/02/2020, $86.48 ,"1,068,520",84.45715,,,,,,,,,,
07/02/2020, $84.44 ,"1,549,602",84.20482,,,,,,,,,,
10/02/2020, $85.63 ,"1,212,918",84.40282,,,,,,,,,,
11/02/2020, $87.36 ,"1,132,385",84.57982,,,,,,,,,,
12/02/2020, $88.70 ,"1,555,047",85.04881,,,,,,,,,,
13/02/2020, $88.80 ,"1,681,924",85.52681,,,,,,,,,,
14/02/2020, $88.50 ,"1,366,792",86.2748,,,,,,,,,,
18/02/2020, $87.36 ,"2,416,914",86.81847,,,,,,,,,,
19/02/2020, $89.57 ,"1,575,414",87.32647,,,,,,,,,,
20/02/2020, $88.27 ,"2,302,595",87.5098,,,,,,,,,,
21/02/2020, $85.64 ,"2,437,683",87.4258,,,,,,,,,,
24/02/2020, $81.54 ,"3,786,781",87.13547,,,,,,,,,,
25/02/2020, $79.11 ,"5,127,564",86.48381,,,,,,,,,,
26/02/2020, $79.22 ,"4,537,626",85.66982,,,,,,,,,,
27/02/2020, $75.56 ,"4,172,249",84.3555,,,,,,,,,,
28/02/2020, $77.26 ,"4,781,990",83.20218,,,,,,,,,,
02/03/2020, $80.00 ,"4,137,716",82.35219,,,,,,,,,,
03/03/2020, $77.18 ,"2,729,946",81.3342,,,,,,,,,,
04/03/2020, $81.13 ,"3,355,734",80.49021,,,,,,,,,,
05/03/2020, $78.68 ,"3,548,738",79.53188,,,,,,,,,,
06/03/2020, $76.96 ,"4,844,646",78.66389,,,,,,,,,,
09/03/2020, $70.39 ,"6,082,452",77.5489,,,,,,,,,,
10/03/2020, $75.01 ,"3,859,673",77.1389,,,,,,,,,,
11/03/2020, $70.81 ,"2,267,617",76.29791,,,,,,,,,,
12/03/2020, $63.04 ,"5,859,961",75.04626,,,,,,,,,,
13/03/2020, $69.81 ,"4,144,310",74.3006,,,,,,,,,,
16/03/2020, $59.18 ,"4,817,010",72.21829,,,,,,,,,,
17/03/2020, $64.38 ,"4,079,218",70.9383,,,,,,,,,,
18/03/2020, $59.09 ,"4,131,593",68.73498,,,,,,,,,,
19/03/2020, $60.61 ,"2,945,387",66.928,,,,,,,,,,
20/03/2020, $58.89 ,"2,874,727",65.12035,,,,,,,,,,
23/03/2020, $60.99 ,"2,787,690",64.18036,,,,,,,,,,
24/03/2020, $67.59 ,"5,754,681",63.43804,,,,,,,,,,
25/03/2020, $66.48 ,"2,496,153",63.00504,,,,,,,,,,
26/03/2020, $70.95 ,"3,301,869",63.79537,,,,,,,,,,
27/03/2020, $67.43 ,"2,501,011",63.55737,,,,,,,,,,
30/03/2020, $69.77 ,"3,336,585",64.61702,,,,,,,,,,
31/03/2020, $68.40 ,"4,352,017",65.01901,,,,,,,,,,
01/04/2020, $64.66 ,"2,938,679",65.57568,,,,,,,,,,
02/04/2020, $66.59 ,"3,507,074",66.17301,,,,,,,,,,
03/04/2020, $65.33 ,"3,068,340",66.817,,,,,,,,,,
06/04/2020, $71.99 ,"5,011,763",67.91699,,,,,,,,,,
07/04/2020, $71.73 ,"6,696,306",68.33165,,,,,,,,,,
08/04/2020, $74.13 ,"3,889,934",69.09731,,,,,,,,,,
09/04/2020, $72.53 ,"6,792,253",69.25564,,,,,,,,,,
13/04/2020, $73.35 ,"3,968,214",69.84797,,,,,,,,,,
14/04/2020, $76.73 ,"5,871,301",70.54397,,,,,,,,,,
15/04/2020, $74.45 ,"3,620,580",71.14864,,,,,,,,,,
16/04/2020, $76.54 ,"3,338,043",72.33662,,,,,,,,,,
17/04/2020, $77.13 ,"2,759,628",73.39128,,,,,,,,,,
20/04/2020, $75.46 ,"2,668,175",74.40427,,,,,,,,,,
21/04/2020, $71.76 ,"3,648,897",74.38127,,,,,,,,,,
22/04/2020, $76.10 ,"3,341,550",74.81827,,,,,,,,,,
23/04/2020, $75.34 ,"2,902,505",74.93927,,,,,,,,,,
24/04/2020, $76.91 ,"2,792,226",75.37726,,,,,,,,,,
27/04/2020, $77.94 ,"3,212,285",75.83592,,,,,,,,,,
28/04/2020, $77.53 ,"4,094,116",75.91592,,,,,,,,,,
29/04/2020, $81.21 ,"3,976,404",76.59224,,,,,,,,,,
30/04/2020, $78.35 ,"5,172,375",76.77291,,,,,,,,,,
01/05/2020, $74.53 ,"6,033,813",76.51224,,,,,,,,,,
04/05/2020, $75.15 ,"3,381,381",76.48124,,,,,,,,,,
05/05/2020, $76.41 ,"4,506,309",76.94623,,,,,,,,,,
06/05/2020, $77.35 ,"4,407,926",77.07056,,,,,,,,,,
07/05/2020, $78.04 ,"2,829,370",77.34056,,,,,,,,,,
08/05/2020, $80.35 ,"3,885,248",77.68423,,,,,,,,,,
11/05/2020, $80.27 ,"3,498,340",77.91756,,,,,,,,,,
12/05/2020, $78.14 ,"3,764,080",77.97822,,,,,,,,,,
13/05/2020, $76.63 ,"6,889,637",77.52023,,,,,,,,,,
14/05/2020, $78.68 ,"6,521,717",77.55389,,,,,,,,,,
15/05/2020, $77.06 ,"5,655,335",77.80689,,,,,,,,,,
18/05/2020, $80.60 ,"4,937,722",78.35189,,,,,,,,,,
19/05/2020, $80.33 ,"4,308,535",78.74422,,,,,,,,,,
20/05/2020, $83.29 ,"3,792,247",79.33888,,,,,,,,,,
21/05/2020, $81.20 ,"3,809,819",79.65421,,,,,,,,,,
22/05/2020, $81.56 ,"2,456,301",79.77521,,,,,,,,,,
26/05/2020, $82.41 ,"4,310,404",79.98954,,,,,,,,,,
27/05/2020, $83.68 ,"5,297,722",80.54387,,,,,,,,,,
28/05/2020, $81.86 ,"4,456,688",81.06619,,,,,,,,,,
29/05/2020, $83.95 ,"6,274,523",81.59319,,,,,,,,,,
01/06/2020, $83.50 ,"2,783,055",82.23752,,,,,,,,,,
02/06/2020, $85.30 ,"3,160,033",82.70818,,,,,,,,,,
03/06/2020, $87.77 ,"1,740,182",83.45151,,,,,,,,,,
04/06/2020, $88.57 ,"1,909,537",83.97884,,,,,,,,,,
05/06/2020, $90.74 ,"2,810,575",84.93283,,,,,,,,,,
08/06/2020, $90.55 ,"2,498,574",85.83215,,,,,,,,,,
09/06/2020, $90.62 ,"1,958,548",86.65281,,,,,,,,,,
10/06/2020, $90.94 ,"2,533,354",87.37847,,,,,,,,,,
11/06/2020, $85.16 ,"3,641,877",87.70914,,,,,,,,,,
12/06/2020, $86.32 ,"4,612,867",87.94614,,,,,,,,,,
15/06/2020, $87.30 ,"2,086,094",88.3258,,,,,,,,,,
16/06/2020, $89.00 ,"3,323,757",88.69546,,,,,,,,,,
17/06/2020, $89.69 ,"1,370,494",88.88812,,,,,,,,,,
18/06/2020, $89.53 ,"1,340,677",88.98412,,,,,,,,,,
19/06/2020, $89.09 ,"2,132,430",88.81978,,,,,,,,,,
22/06/2020, $89.75 ,"1,268,739",88.73978,,,,,,,,,,
23/06/2020, $90.07 ,"1,177,871",88.68478,,,,,,,,,,
24/06/2020, $88.09 ,"1,970,752",88.40012,,,,,,,,,,
25/06/2020, $88.72 ,"1,371,136",88.75611,,,,,,,,,,
26/06/2020, $87.06 ,"1,618,270",88.82977,,,,,,,,,,
29/06/2020, $88.01 ,"2,605,280",88.9011,,,,,,,,,,
30/06/2020, $90.29 ,"4,086,196",89.0301,,,,,,,,,,
01/07/2020, $89.13 ,"1,909,207",88.9741,,,,,,,,,,
02/07/2020, $90.22 ,"1,780,868",89.04376,,,,,,,,,,
06/07/2020, $92.61 ,"2,294,863",89.39509,,,,,,,,,,
07/07/2020, $91.51 ,"1,893,138",89.57142,,,,,,,,,,
08/07/2020, $92.75 ,"1,610,785",89.83975,,,,,,,,,,
09/07/2020, $93.98 ,"2,008,349",90.42874,,,,,,,,,,
10/07/2020, $93.67 ,"954,996",90.92307,,,,,,,,,,
13/07/2020, $92.13 ,"2,929,043",91.42973,,,,,,,,,,
14/07/2020, $93.65 ,"3,124,588",91.99373,,,,,,,,,,
15/07/2020, $93.49 ,"2,242,393",92.31339,,,,,,,,,,
16/07/2020, $93.14 ,"1,344,646",92.71372,,,,,,,,,,
17/07/2020, $93.61 ,"1,293,756",93.05205,,,,,,,,,,
20/07/2020, $95.46 ,"1,759,454",93.33705,,,,,,,,,,
21/07/2020, $94.97 ,"1,595,076",93.68272,,,,,,,,,,
22/07/2020, $95.28 ,"1,238,742",93.93572,,,,,,,,,,
23/07/2020, $93.83 ,"2,005,994",93.92005,,,,,,,,,,
24/07/2020, $92.35 ,"2,711,553",93.78872,,,,,,,,,,
27/07/2020, $95.23 ,"2,287,378",94.09905,,,,,,,,,,
28/07/2020, $93.39 ,"1,822,554",94.07305,,,,,,,,,,
29/07/2020, $95.31 ,"1,452,002",94.25572,,,,,,,,,,
30/07/2020, $97.19 ,"2,688,776",94.66105,,,,,,,,,,
31/07/2020, $96.80 ,"1,916,044",94.98005,,,,,,,,,,
03/08/2020, $98.55 ,"1,644,670",95.28971,,,,,,,,,,
04/08/2020, $100.00 ,"1,354,873",95.7927,,,,,,,,,,
05/08/2020, $99.90 ,"1,741,325",96.25403,,,,,,,,,,
06/08/2020, $99.84 ,"1,049,827",96.85569,,,,,,,,,,
07/08/2020, $98.73 ,"1,330,756",97.49368,,,,,,,,,,
10/08/2020, $98.73 ,"1,284,561",97.84368,,,,,,,,,,
11/08/2020, $97.70 ,"2,114,922",98.27467,,,,,,,,,,
12/08/2020, $100.86 ,"1,945,291",98.829,,,,,,,,,,
13/08/2020, $99.85 ,"1,388,884",99.09533,,,,,,,,,,
14/08/2020, $99.79 ,"1,046,509",99.39499,,,,,,,,,,
17/08/2020, $100.92 ,"928,575",99.63133,,,,,,,,,,
18/08/2020, $100.38 ,"1,015,000",99.66966,,,,,,,,,,
19/08/2020, $99.81 ,"1,193,123",99.66132,,,,,,,,,,
20/08/2020, $98.93 ,"1,899,072",99.56966,,,,,,,,,,
21/08/2020, $99.60 ,"1,237,362",99.656,,,,,,,,,,
24/08/2020, $100.63 ,"1,042,237",99.84633,,,,,,,,,,
25/08/2020, $101.61 ,"1,089,892",100.23733,,,,,,,,,,
26/08/2020, $101.94 ,"1,014,070",100.34532,,,,,,,,,,
27/08/2020, $100.78 ,"1,656,913",100.43766,,,,,,,,,,
28/08/2020, $102.64 ,"1,711,226",100.72199,,,,,,,,,,
31/08/2020, $102.41 ,"947,610",100.87098,,,,,,,,,,
01/09/2020, $104.44 ,"1,406,201",101.27665,,,,,,,,,,
02/09/2020, $107.47 ,"2,970,110",102.04198,,,,,,,,,,
03/09/2020, $101.47 ,"3,905,568",102.29664,,,,,,,,,,
04/09/2020, $100.42 ,"3,450,850",102.37897,,,,,,,,,,
08/09/2020, $95.73 ,"3,027,555",101.88831,,,,,,,,,,
09/09/2020, $98.33 ,"1,914,268",101.56065,,,,,,,,,,
10/09/2020, $97.00 ,"1,912,498",101.06699,,,,,,,,,,
11/09/2020, $96.97 ,"1,503,651",100.68666,,,,,,,,,,
14/09/2020, $98.91 ,"1,142,819",100.31433,,,,,,,,,,
15/09/2020, $100.62 ,"1,257,030",100.13567,,,,,,,,,,
16/09/2020, $99.68 ,"1,211,886",99.65934,,,,,,,,,,
17/09/2020, $99.63 ,"1,666,867",98.87535,,,,,,,,,,
18/09/2020, $98.07 ,"1,210,644",98.53469,,,,,,,,,,
21/09/2020, $97.89 ,"2,261,044",98.28169,,,,,,,,,,
22/09/2020, $98.90 ,"1,094,653",98.59902,,,,,,,,,,
23/09/2020, $96.27 ,"1,871,127",98.39268,,,,,,,,,,
24/09/2020, $97.08 ,"2,339,687",98.40102,,,,,,,,,,
25/09/2020, $98.42 ,"1,603,990",98.54535,,,,,,,,,,
28/09/2020, $101.13 ,"1,790,198",98.76669,,,,,,,,,,
29/09/2020, $101.36 ,"1,912,069",98.84102,,,,,,,,,,
30/09/2020, $101.54 ,"1,884,525",99.02702,,,,,,,,,,
01/10/2020, $103.71 ,"2,039,831",99.43535,,,,,,,,,,
02/10/2020, $100.60 ,"2,004,992",99.68868,,,,,,,,,,
05/10/2020, $103.74 ,"1,540,137",100.27401,,,,,,,,,,
06/10/2020, $103.25 ,"1,864,422",100.70901,,,,,,,,,,
07/10/2020, $105.23 ,"1,247,880",101.60467,,,,,,,,,,
08/10/2020, $106.53 ,"979,824",102.54932,,,,,,,,,,
09/10/2020, $108.40 ,"1,964,365",103.54797,,,,,,,,,,
12/10/2020, $110.01 ,"1,588,188",104.43662,,,,,,,,,,
13/10/2020, $109.82 ,"2,285,368",105.28195,,,,,,,,,,
14/10/2020, $109.37 ,"1,519,233",106.0656,,,,,,,,,,
15/10/2020, $109.08 ,"1,206,948",106.60259,,,,,,,,,,
16/10/2020, $108.56 ,"865,184",107.39858,,,,,,,,,,
19/10/2020, $108.01 ,"1,169,654",107.82558,,,,,,,,,,
20/10/2020, $107.84 ,"1,048,903",108.28424,,,,,,,,,,
21/10/2020, $107.11 ,"1,064,317",108.47291,,,,,,,,,,
22/10/2020, $107.16 ,"912,255",108.53558,,,,,,,,,,
23/10/2020, $106.78 ,"773,644",108.37325,,,,,,,,,,
26/10/2020, $104.47 ,"1,671,286",107.81859,,,,,,,,,,
27/10/2020, $104.06 ,"890,162",107.24259,,,,,,,,,,
28/10/2020, $100.65 ,"1,480,988",106.37027,,,,,,,,,,
29/10/2020, $103.20 ,"1,505,514",105.78261,,,,,,,,,,
30/10/2020, $101.83 ,"1,330,693",105.10928,,,,,,,,,,
02/11/2020, $102.19 ,"1,456,346",104.52695,,,,,,,,,,
03/11/2020, $104.12 ,"1,272,312",104.15495,,,,,,,,,,
04/11/2020, $107.76 ,"3,000,873",104.21928,,,,,,,,,,
05/11/2020, $112.60 ,"2,808,760",104.76327,,,,,,,,,,
06/11/2020, $114.43 ,"2,011,655",105.5286,,,,,,,,,,
09/11/2020, $113.10 ,"1,921,042",106.39193,,,,,,,,,,
10/11/2020, $109.71 ,"1,846,731",106.95693,,,,,,,,,,
11/11/2020, $113.66 ,"1,644,640",108.25792,,,,,,,,,,
12/11/2020, $112.26 ,"1,202,952",109.16324,,,,,,,,,,
13/11/2020, $113.63 ,"1,069,276",110.3439,,,,,,,,,,
16/11/2020, $116.46 ,"1,409,486",111.77088,,,,,,,,,,
17/11/2020, $115.50 ,"1,371,304",112.9092,,,,,,,,,,
18/11/2020, $114.64 ,"1,358,758",113.59753,,,,,,,,,,
19/11/2020, $116.33 ,"938,559",113.9712,,,,,,,,,,
20/11/2020, $115.79 ,"1,365,550",114.10686,,,,,,,,,,
23/11/2020, $117.44 ,"1,393,942",114.54085,,,,,,,,,,
24/11/2020, $118.08 ,"1,824,516",115.37817,,,,,,,,,,
25/11/2020, $117.82 ,"974,079",115.79416,,,,,,,,,,
27/11/2020, $119.22 ,"1,713,227",116.49082,,,,,,,,,,
30/11/2020, $120.60 ,"1,864,599",117.18781,,,,,,,,,,
01/12/2020, $122.59 ,"1,998,364",117.80114,,,,,,,,,,
02/12/2020, $122.95 ,"2,133,597",118.54647,,,,,,,,,,
03/12/2020, $123.11 ,"1,096,675",119.39379,,,,,,,,,,
04/12/2020, $126.47 ,"1,621,042",120.40744,,,,,,,,,,
07/12/2020, $127.11 ,"1,657,843",121.53943,,,,,,,,,,
08/12/2020, $127.52 ,"1,203,171",122.54742,,,,,,,,,,
09/12/2020, $123.93 ,"1,938,346",123.13208,,,,,,,,,,
10/12/2020, $123.75 ,"1,951,039",123.72541,,,,,,,,,,
11/12/2020, $122.55 ,"1,584,564",124.05808,,,,,,,,,,
14/12/2020, $123.67 ,"1,311,652",124.36441,,,,,,,,,,
15/12/2020, $125.39 ,"1,106,768",124.64407,,,,,,,,,,
16/12/2020, $125.46 ,"1,293,183",124.89507,,,,,,,,,,
17/12/2020, $125.69 ,"1,226,490",125.15307,,,,,,,,,,
18/12/2020, $124.95 ,"1,146,038",125.00074,,,,,,,,,,
21/12/2020, $124.39 ,"1,799,693",124.72875,,,,,,,,,,
22/12/2020, $124.21 ,"662,121",124.39742,,,,,,,,,,
23/12/2020, $123.27 ,"1,257,024",124.33209,,,,,,,,,,
24/12/2020, $124.37 ,"574,322",124.39409,,,,,,,,,,
28/12/2020, $124.24 ,"1,108,472",124.56275,,,,,,,,,,
29/12/2020, $123.92 ,"1,334,773",124.58775,,,,,,,,,,
30/12/2020, $125.99 ,"1,155,533",124.64809,,,,,,,,,,
31/12/2020, $126.39 ,"1,107,824",124.74109,,,,,,,,,,
04/01/2021, $125.86 ,"2,485,854",124.75809,,,,,,,,,,
05/01/2021, $128.44 ,"1,670,830",125.10709,,,,,,,,,,
06/01/2021, $128.02 ,"3,208,508",125.47008,,,,,,,,,,
07/01/2021, $132.85 ,"1,807,392",126.33441,,,,,,,,,,
08/01/2021, $132.92 ,"2,116,299",127.29907,,,,,,,,,,
11/01/2021, $134.27 ,"1,630,621",128.28839,,,,,,,,,,
12/01/2021, $135.08 ,"4,497,545",129.37271,,,,,,,,,,
13/01/2021, $135.30 ,"1,144,265",130.51103,,,,,,,,,,
14/01/2021, $138.17 ,"1,749,095",131.72835,,,,,,,,,,
15/01/2021, $135.36 ,"2,404,194",132.62467,,,,,,,,,,
19/01/2021, $140.00 ,"2,517,067",134.03832,,,,,,,,,,
20/01/2021, $139.50 ,"1,851,084",135.14464,,,,,,,,,,
21/01/2021, $141.52 ,"2,545,147",136.4943,,,,,,,,,,
22/01/2021, $139.12 ,"1,668,181",137.12096,,,,,,,,,,
25/01/2021, $139.32 ,"1,683,763",137.76062,,,,,,,,,,
26/01/2021, $137.05 ,"1,224,990",138.03929,,,,,,,,,,
27/01/2021, $129.94 ,"5,391,299",137.5253,,,,,,,,,,
28/01/2021, $132.79 ,"3,370,701",137.27431,,,,,,,,,,
29/01/2021, $130.47 ,"2,761,791",136.50498,,,,,,,,,,
01/02/2021, $135.63 ,"1,923,373",136.53198,,,,,,,,,,
02/02/2021, $137.83 ,"2,429,730",136.31465,,,,,,,,,,
03/02/2021, $135.03 ,"2,767,743",135.86732,,,,,,,,,,
04/02/2021, $136.13 ,"1,833,345",135.32899,,,,,,,,,,
05/02/2021, $135.20 ,"1,462,802",134.93766,,,,,,,,,,
08/02/2021, $139.26 ,"1,947,250",134.93199,,,,,,,,,,
09/02/2021, $138.85 ,"1,383,583",135.11165,,,,,,,,,,
10/02/2021, $139.12 ,"2,220,415",136.02997,,,,,,,,,,
11/02/2021, $143.94 ,"2,112,567",137.14496,,,,,,,,,,
12/02/2021, $145.72 ,"1,925,896",138.66961,,,,,,,,,,
16/02/2021, $146.45 ,"3,152,569",139.75227,,,,,,,,,,
17/02/2021, $143.94 ,"2,787,075",140.36393,,,,,,,,,,
18/02/2021, $142.46 ,"2,257,135",141.10759,,,,,,,,,,
19/02/2021, $145.90 ,"2,254,468",142.08391,,,,,,,,,,
22/02/2021, $140.61 ,"2,651,936",142.62457,,,,,,,,,,
23/02/2021, $139.55 ,"4,029,283",142.6539,,,,,,,,,,
24/02/2021, $144.08 ,"3,145,003",143.1769,,,,,,,,,,
25/02/2021, $135.87 ,"5,339,669",142.85191,,,,,,,,,,
26/02/2021, $138.97 ,"4,558,701",142.35491,,,,,,,,,,
01/03/2021, $143.40 ,"2,318,333",142.12292,,,,,,,,,,
02/03/2021, $139.10 ,"3,177,568",141.38759,,,,,,,,,,
03/03/2021, $134.84 ,"4,426,034",140.4776,,,,,,,,,,
04/03/2021, $128.35 ,"7,243,515",139.06661,,,,,,,,,,
05/03/2021, $132.20 ,"6,308,283",137.69729,,,,,,,,,,
08/03/2021, $125.07 ,"7,349,083",136.1433,,,,,,,,,,
09/03/2021, $132.84 ,"4,132,832",135.47198,,,,,,,,,,
10/03/2021, $130.33 ,"4,082,353",134.09732,,,,,,,,,,
11/03/2021, $135.82 ,"3,689,568",134.09198,,,,,,,,,,
12/03/2021, $134.39 ,"3,153,481",133.63365,,,,,,,,,,
15/03/2021, $137.22 ,"3,895,547",133.01565,,,,,,,,,,
16/03/2021, $138.99 ,"6,785,047",133.00498,,,,,,,,,,
17/03/2021, $140.74 ,"5,773,746",133.59497,,,,,,,,,,
18/03/2021, $134.92 ,"6,053,709",134.25164,,,,,,,,,,
19/03/2021, $136.59 ,"6,614,292",134.68997,,,,,,,,,,
22/03/2021, $139.48 ,"3,130,093",136.13063,,,,,,,,,,
23/03/2021, $135.81 ,"5,638,985",136.42762,,,,,,,,,,
24/03/2021, $133.95 ,"6,608,256",136.78895,,,,,,,,,,
25/03/2021, $133.84 ,"5,580,109",136.59062,,,,,,,,,,
26/03/2021, $140.44 ,"6,493,867",137.19628,,,,,,,,,,
29/03/2021, $138.29 ,"6,540,662",137.30328,,,,,,,,,,
30/03/2021, $137.96 ,"4,263,603",137.19995,,,,,,,,,,
31/03/2021, $141.33 ,"5,968,370",137.25862,,,,,,,,,,
01/04/2021, $146.53 ,"7,380,040",138.41927,,,,,,,,,,
05/04/2021, $149.48 ,"6,504,014",139.70892,,,,,,,,,,
06/04/2021, $147.81 ,"5,912,987",140.54258,,,,,,,,,,
07/04/2021, $147.72 ,"3,296,426",141.73324,,,,,,,,,,
08/04/2021, $149.40 ,"4,277,115",143.27856,,,,,,,,,,
09/04/2021, $148.93 ,"2,466,999",144.78821,,,,,,,,,,
12/04/2021, $147.33 ,"2,607,881",145.47721,,,,,,,,,,
13/04/2021, $147.10 ,"3,328,413",146.3582,,,,,,,,,,
14/04/2021, $145.48 ,"4,996,213",147.11053,,,,,,,,,,
15/04/2021, $147.92 ,"5,672,312",147.76952,,,,,,,,,,
16/04/2021, $147.23 ,"2,713,161",147.83952,,,,,,,,,,
19/04/2021, $143.36 ,"8,922,497",147.22686,,,,,,,,,,
20/04/2021, $141.31 ,"5,374,442",146.57686,,,,,,,,,,
21/04/2021, $145.02 ,"4,322,638",146.30719,,,,,,,,,,
22/04/2021, $141.86 ,"5,433,153",145.55353,,,,,,,,,,
23/04/2021, $144.45 ,"3,996,873",145.10521,,,,,,,,,,
26/04/2021, $147.10 ,"3,577,961",145.08154,,,,,,,,,,
27/04/2021, $145.99 ,"4,878,282",144.97088,,,,,,,,,,
28/04/2021, $143.78 ,"2,356,598",144.80021,,,,,,,,,,
29/04/2021, $144.71 ,"3,236,894",144.47922,,,,,,,,,,
30/04/2021, $140.68 ,"3,899,978",143.82423,,,,,,,,,,
03/05/2021, $139.21 ,"3,223,070",143.4099,,,,,,,,,,
04/05/2021, $136.87 ,"6,061,971",142.96524,,,,,,,,,,
05/05/2021, $137.72 ,"4,808,694",142.23559,,,,,,,,,,
06/05/2021, $138.85 ,"3,657,351",141.93459,,,,,,,,,,
07/05/2021, $140.76 ,"2,871,559",141.56559,,,,,,,,,,
10/05/2021, $134.50 ,"6,354,711",140.30594,,,,,,,,,,
11/05/2021, $134.68 ,"6,720,433",139.17462,,,,,,,,,,
12/05/2021, $129.19 ,"7,755,173",137.7163,,,,,,,,,,
13/05/2021, $130.84 ,"4,878,588",136.32931,,,,,,,,,,
14/05/2021, $134.89 ,"4,664,074",135.75065,,,,,,,,,,
17/05/2021, $133.71 ,"3,365,112",135.20066,,,,,,,,,,
18/05/2021, $132.64 ,"2,354,756",134.77766,,,,,,,,,,
19/05/2021, $135.22 ,"4,127,300",134.52766,,,,,,,,,,
20/05/2021, $138.78 ,"5,021,219",134.52033,,,,,,,,,,
21/05/2021, $138.01 ,"5,251,000",134.24567,,,,,,,,,,
24/05/2021, $141.50 ,"3,373,893",134.94566,,,,,,,,,,
25/05/2021, $141.92 ,"4,363,477",135.66965,,,,,,,,,,
26/05/2021, $142.30 ,"2,492,406",136.98031,,,,,,,,,,
27/05/2021, $142.90 ,"3,302,760",138.1863,,,,,,,,,,
28/05/2021, $144.23 ,"2,179,611",139.11995,,,,,,,,,,
01/06/2021, $143.82 ,"3,373,515",140.13094,,,,,,,,,,
02/06/2021, $144.70 ,"2,140,632",141.33727,,,,,,,,,,
03/06/2021, $142.21 ,"3,247,451",142.03626,,,,,,,,,,
04/06/2021, $145.67 ,"2,821,978",142.72492,,,,,,,,,,
07/06/2021, $144.53 ,"2,376,407",143.37691,,,,,,,,,,
08/06/2021, $143.71 ,"2,534,914",143.59757,,,,,,,,,,
09/06/2021, $143.00 ,"2,607,761",143.70557,,,,,,,,,,
10/06/2021, $144.47 ,"2,165,103",143.92257,,,,,,,,,,
11/06/2021, $145.20 ,"1,758,803",144.15256,,,,,,,,,,
14/06/2021, $147.26 ,"3,674,331",144.45623,,,,,,,,,,
15/06/2021, $146.06 ,"2,388,230",144.67956,,,,,,,,,,
16/06/2021, $144.68 ,"3,614,727",144.67789,,,,,,,,,,
17/06/2021, $146.24 ,"3,873,032",145.08089,,,,,,,,,,
18/06/2021, $142.74 ,"2,889,832",144.78856,,,,,,,,,,
21/06/2021, $143.27 ,"2,233,465",144.66223,,,,,,,,,,
22/06/2021, $143.95 ,"1,738,370",144.68623,,,,,,,,,,
23/06/2021, $144.55 ,"1,889,484",144.84089,,,,,,,,,,
24/06/2021, $147.00 ,"1,428,422",145.09422,,,,,,,,,,
25/06/2021, $146.60 ,"1,343,227",145.23456,,,,,,,,,,
28/06/2021, $150.10 ,"2,651,570",145.51855,,,,,,,,,,
29/06/2021, $151.28 ,"1,748,759",146.04088,,,,,,,,,,
30/06/2021, $151.41 ,"1,317,199",146.71321,,,,,,,,,,
01/07/2021, $149.24 ,"2,264,137",147.01254,,,,,,,,,,
02/07/2021, $150.15 ,"1,827,048",147.75287,,,,,,,,,,
06/07/2021, $149.89 ,"2,002,055",148.41486,,,,,,,,,,
07/07/2021, $147.62 ,"1,888,449",148.78219,,,,,,,,,,
08/07/2021, $145.72 ,"2,000,027",148.89986,,,,,,,,,,
09/07/2021, $148.10 ,"1,833,051",149.00952,,,,,,,,,,
12/07/2021, $150.00 ,"3,950,199",149.34918,,,,,,,,,,
13/07/2021, $149.40 ,"2,122,302",149.27885,,,,,,,,,,
14/07/2021, $148.71 ,"2,256,571",149.02185,,,,,,,,,,
15/07/2021, $145.41 ,"2,657,042",148.42218,,,,,,,,,,
16/07/2021, $142.25 ,"2,571,538",147.72352,,,,,,,,,,
19/07/2021, $142.11 ,"4,069,249",146.91952,,,,,,,,,,
20/07/2021, $144.04 ,"3,201,071",146.33486,,,,,,,,,,
21/07/2021, $148.47 ,"2,039,672",146.41953,,,,,,,,,,
22/07/2021, $147.59 ,"1,185,293",146.60619,,,,,,,,,,
23/07/2021, $148.34 ,"1,312,462",146.63052,,,,,,,,,,
26/07/2021, $148.39 ,"1,123,310",146.46952,,,,,,,,,,
27/07/2021, $145.67 ,"2,508,643",146.09619,,,,,,,,,,
28/07/2021, $148.05 ,"2,289,727",146.02986,,,,,,,,,,
29/07/2021, $151.07 ,"2,303,759",146.59553,,,,,,,,,,
30/07/2021, $152.30 ,"2,320,676",147.60085,,,,,,,,,,
02/08/2021, $153.27 ,"2,864,356",148.71684,,,,,,,,,,
03/08/2021, $154.43 ,"1,769,192",149.75583,,,,,,,,,,
04/08/2021, $156.01 ,"1,626,241",150.50982,,,,,,,,,,
05/08/2021, $156.03 ,"1,420,448",151.35415,,,,,,,,,,
06/08/2021, $155.26 ,"1,233,105",152.04548,,,,,,,,,,
09/08/2021, $154.73 ,"1,065,982",152.67948,,,,,,,,,,
10/08/2021, $152.93 ,"2,695,694",153.40614,,,,,,,,,,
11/08/2021, $152.41 ,"1,296,885",153.84247,,,,,,,,,,
12/08/2021, $150.77 ,"1,531,410",153.81313,,,,,,,,,,
13/08/2021, $151.72 ,"1,060,123",153.7548,,,,,,,,,,
16/08/2021, $151.16 ,"1,144,055",153.54381,,,,,,,,,,
17/08/2021, $148.23 ,"1,850,679",152.92348,,,,,,,,,,
18/08/2021, $146.27 ,"1,879,503",151.94982,,,,,,,,,,
19/08/2021, $147.47 ,"2,175,669",151.09349,,,,,,,,,,
20/08/2021, $148.58 ,"1,798,460",150.4255,,,,,,,,,,
23/08/2021, $152.76 ,"2,181,183",150.2285,,,,,,,,,,
24/08/2021, $152.76 ,"1,663,249",150.21117,,,,,,,,,,
25/08/2021, $153.92 ,"2,274,256",150.3625,,,,,,,,,,
26/08/2021, $154.07 ,"2,284,597",150.69183,,,,,,,,,,
27/08/2021, $157.01 ,"2,404,596",151.22049,,,,,,,,,,
30/08/2021, $157.32 ,"2,519,341",151.83681,,,,,,,,,,
31/08/2021, $156.06 ,"2,108,403",152.62014,,,,,,,,,,
01/09/2021, $155.21 ,"1,633,009",153.51447,,,,,,,,,,
02/09/2021, $155.79 ,"1,502,484",154.3468,,,,,,,,,,
03/09/2021, $156.96 ,"1,356,415",155.18512,,,,,,,,,,
07/09/2021, $156.38 ,"1,641,025",155.54745,,,,,,,,,,
08/09/2021, $154.38 ,"3,087,927",155.70945,,,,,,,,,,
09/09/2021, $154.92 ,"3,921,033",155.80945,,,,,,,,,,
10/09/2021, $156.15 ,"2,960,084",156.01812,,,,,,,,,,
13/09/2021, $157.65 ,"2,835,925",156.08245,,,,,,,,,,
14/09/2021, $157.66 ,"2,582,359",156.11612,,,,,,,,,,
15/09/2021, $158.56 ,"3,771,241",156.36611,,,,,,,,,,
16/09/2021, $158.87 ,"1,655,302",156.73144,,,,,,,,,,
17/09/2021, $156.33 ,"2,426,637",156.78544,,,,,,,,,,
20/09/2021, $152.46 ,"3,125,089",156.33578,,,,,,,,,,
21/09/2021, $152.91 ,"2,214,064",155.98878,,,,,,,,,,
22/09/2021, $156.09 ,"1,309,120",156.15944,,,,,,,,,,
23/09/2021, $158.17 ,"2,407,074",156.48377,,,,,,,,,,
24/09/2021, $157.60 ,"1,191,866",156.62843,,,,,,,,,,
27/09/2021, $157.22 ,"1,339,891",156.5851,,,,,,,,,,
28/09/2021, $151.07 ,"5,448,006",155.92611,,,,,,,,,,
29/09/2021, $148.68 ,"6,777,163",154.93812,,,,,,,,,,
30/09/2021, $148.62 ,"4,534,356",153.91379,,,,,,,,,,
01/10/2021, $148.72 ,"3,115,102",153.15246,,,,,,,,,,
04/10/2021, $144.89 ,"4,161,872",152.39514,,,,,,,,,,
05/10/2021, $147.08 ,"3,155,971",151.81215,,,,,,,,,,
06/10/2021, $147.66 ,"3,411,316",150.96916,,,,,,,,,,
07/10/2021, $149.38 ,"1,913,887",150.09083,,,,,,,,,,
08/10/2021, $147.85 ,"1,672,894",149.11618,,,,,,,,,,
11/10/2021, $146.86 ,"1,532,073",148.08086,,,,,,,,,,
12/10/2021, $145.03 ,"3,202,031",147.47719,,,,,,,,,,
13/10/2021, $145.87 ,"1,756,670",147.19553,,,,,,,,,,
14/10/2021, $150.39 ,"2,486,223",147.37253,,,,,,,,,,
15/10/2021, $151.40 ,"1,639,369",147.6402,,,,,,,,,,
18/10/2021, $152.62 ,"1,352,704",148.41285,,,,,,,,,,
19/10/2021, $154.49 ,"1,394,197",149.15317,,,,,,,,,,
20/10/2021, $154.17 ,"1,261,386",149.80416,,,,,,,,,,
21/10/2021, $155.72 ,"1,303,663",150.43782,,,,,,,,,,
22/10/2021, $153.97 ,"3,284,423",151.04981,,,,,,,,,,
25/10/2021, $155.03 ,"1,684,774",151.86646,,,,,,,,,,
26/10/2021, $155.15 ,"1,879,473",152.87812,,,,,,,,,,
27/10/2021, $154.03 ,"3,226,466",153.69478,,,,,,,,,,
28/10/2021, $157.51 ,"3,278,078",154.40611,,,,,,,,,,
29/10/2021, $158.21 ,"2,135,766",155.08743,,,,,,,,,,
01/11/2021, $160.79 ,"2,547,304",155.90476,,,,,,,,,,
02/11/2021, $162.79 ,"2,225,512",156.73509,,,,,,,,,,
03/11/2021, $164.67 ,"2,175,162",157.78508,,,,,,,,,,
04/11/2021, $170.21 ,"4,081,078",159.23374,,,,,,,,,,
05/11/2021, $172.09 ,"4,534,728",161.04605,,,,,,,,,,
08/11/2021, $174.42 ,"2,921,480",162.98537,,,,,,,,,,
09/11/2021, $174.42 ,"2,722,848",164.91302,,,,,,,,,,
10/11/2021, $169.28 ,"3,934,239",166.43767,,,,,,,,,,
11/11/2021, $172.86 ,"2,282,893",167.97299,,,,,,,,,,
12/11/2021, $174.55 ,"1,970,566",169.60698,,,,,,,,,,
15/11/2021, $174.42 ,"2,318,084",170.96997,,,,,,,,,,
16/11/2021, $177.03 ,"2,023,301",172.39429,,,,,,,,,,
17/11/2021, $175.80 ,"1,576,239",173.50761,,,,,,,,,,
18/11/2021, $178.74 ,"2,002,061",174.36093,,,,,,,,,,
19/11/2021, $179.23 ,"3,406,336",175.07493,,,,,,,,,,
22/11/2021, $176.64 ,"4,422,827",175.29659,,,,,,,,,,
23/11/2021, $175.93 ,"2,427,414",175.44725,,,,,,,,,,
24/11/2021, $177.86 ,"2,117,274",176.30558,,,,,,,,,,
26/11/2021, $172.91 ,"2,448,153",176.31091,,,,,,,,,,
29/11/2021, $179.56 ,"2,412,312",176.8119,,,,,,,,,,
30/11/2021, $176.41 ,"3,264,404",177.01123,,,,,,,,,,
01/12/2021, $175.00 ,"3,123,448",176.80823,,,,,,,,,,
02/12/2021, $175.25 ,"3,124,654",176.7539,,,,,,,,,,
03/12/2021, $174.81 ,"2,491,104",176.36124,,,,,,,,,,
06/12/2021, $174.59 ,"2,091,524",175.89658,,,,,,,,,,
07/12/2021, $183.40 ,"2,692,121",176.57258,,,,,,,,,,
08/12/2021, $182.20 ,"1,666,615",177.20024,,,,,,,,,,
09/12/2021, $178.01 ,"1,674,055",177.21557,,,,,,,,,,
10/12/2021, $179.69 ,"2,020,649",177.8939,,,,,,,,,,
13/12/2021, $174.62 ,"2,286,685",177.40057,,,,,,,,,,
14/12/2021, $173.78 ,"2,888,110",177.1379,,,,,,,,,,
15/12/2021, $180.16 ,"2,344,175",177.65423,,,,,,,,,,
16/12/2021, $172.30 ,"2,797,821",177.35923,,,,,,,,,,
17/12/2021, $171.90 ,"2,702,166",177.0679,,,,,,,,,,
20/12/2021, $170.55 ,"2,146,053",176.66423,,,,,,,,,,
21/12/2021, $176.70 ,"1,624,213",175.9949,,,,,,,,,,
22/12/2021, $178.54 ,"2,134,836",175.62857,,,,,,,,,,
23/12/2021, $180.27 ,"2,100,417",175.8539,,,,,,,,,,
27/12/2021, $185.21 ,"2,507,008",176.40522,,,,,,,,,,
28/12/2021, $183.16 ,"1,976,668",177.25921,,,,,,,,,,
29/12/2021, $183.44 ,"1,254,957",178.2252,,,,,,,,,,
30/12/2021, $181.32 ,"1,361,860",178.34053,,,,,,,,,,
31/12/2021, $180.77 ,"1,217,526",179.18719,,,,,,,,,,
03/01/2022, $184.36 ,"1,699,768",180.43384,,,,,,,,,,
04/01/2022, $183.80 ,"3,504,806",181.7585,,,,,,,,,,
05/01/2022, $177.55 ,"3,751,708",181.8435,,,,,,,,,,
06/01/2022, $178.93 ,"2,934,416",181.88284,,,,,,,,,,
07/01/2022, $173.74 ,"2,284,663",181.23051,,,,,,,,,,
10/01/2022, $173.81 ,"5,377,442",180.09053,,,,,,,,,,
11/01/2022, $177.08 ,"3,157,150",179.48187,,,,,,,,,,
12/01/2022, $178.38 ,"3,571,451",178.97521,,,,,,,,,,
13/01/2022, $174.21 ,"3,268,724",178.26488,,,,,,,,,,
14/01/2022, $178.38 ,"3,401,713",178.02622,,,,,,,,,,
18/01/2022, $170.41 ,"7,691,101",176.6309,,,,,,,,,,
19/01/2022, $165.40 ,"9,931,773",174.79091,,,,,,,,,,
20/01/2022, $160.21 ,"8,350,001",173.05659,,,,,,,,,,
21/01/2022, $157.55 ,"13,946,314",170.91761,,,,,,,,,,
24/01/2022, $159.35 ,"15,474,742",169.47763,,,,,,,,,,
25/01/2022, $153.40 ,"10,710,518",167.43665,,,,,,,,,,
26/01/2022, $155.76 ,"8,508,202",165.30434,,,,,,,,,,
27/01/2022, $148.82 ,"8,424,972",162.3487,,,,,,,,,,
28/01/2022, $151.68 ,"7,172,921",160.09472,,,,,,,,,,
31/01/2022, $159.82 ,"7,846,791",158.2384,,,,,,,,,,
01/02/2022, $161.15 ,"4,068,982",157.31241,,,,,,,,,,
02/02/2022, $165.22 ,"5,229,034",157.29475,,,,,,,,,,
03/02/2022, $158.03 ,"6,506,528",157.07676,,,,,,,,,,
04/02/2022, $158.94 ,"5,061,650",157.21609,,,,,,,,,,
07/02/2022, $158.85 ,"3,502,265",157.16642,,,,,,,,,,
08/02/2022, $162.87 ,"2,941,214",158.11307,,,,,,,,,,
09/02/2022, $168.21 ,"5,061,110",159.35839,,,,,,,,,,
10/02/2022, $162.97 ,"4,614,052",160.77271,,,,,,,,,,
11/02/2022, $154.67 ,"7,881,918",161.07238,,,,,,,,,,
14/02/2022, $154.82 ,"5,697,215",160.57206,,,,,,,,,,
15/02/2022, $163.36 ,"4,882,248",160.79306,,,,,,,,,,
16/02/2022, $163.42 ,"2,713,233",160.61239,,,,,,,,,,
17/02/2022, $157.28 ,"6,002,934",160.53705,,,,,,,,,,
18/02/2022, $155.52 ,"5,866,378",160.19539,,,,,,,,,,
22/02/2022, $154.58 ,"8,370,230",159.76806,,,,,,,,,,
23/02/2022, $150.89 ,"6,525,737",158.57074,,,,,,,,,,
24/02/2022, $156.41 ,"8,669,084",157.39109,,,,,,,,,,
25/02/2022, $159.02 ,"7,065,034",156.99643,,,,,,,,,,
28/02/2022, $158.05 ,"4,359,370",157.33443,,,,,,,,,,
01/03/2022, $152.32 ,"4,265,670",157.08476,,,,,,,,,,
02/03/2022, $157.17 ,"2,850,616",156.4651,,,,,,,,,,
03/03/2022, $153.87 ,"4,177,958",155.51045,,,,,,,,,,
04/03/2022, $149.79 ,"4,443,899",154.76113,,,,,,,,,,
07/03/2022, $142.27 ,"5,869,342",153.43614,,,,,,,,,,
08/03/2022, $145.00 ,"7,909,504",152.47849,,,,,,,,,,
09/03/2022, $151.08 ,"4,699,744",152.49683,,,,,,,,,,
10/03/2022, $147.98 ,"4,805,667",151.65317,,,,,,,,,,
11/03/2022, $144.80 ,"6,524,429",150.23119,,,,,,,,,,
14/03/2022, $140.11 ,"5,683,976",148.4372,,,,,,,,,,
15/03/2022, $146.55 ,"3,980,439",147.86021,,,,,,,,,,
16/03/2022, $154.10 ,"4,868,694",147.55355,,,,,,,,,,
17/03/2022, $155.05 ,"4,133,009",147.67154,,,,,,,,,,
18/03/2022, $158.08 ,"5,004,518",148.50053,,,,,,,,,,
21/03/2022, $157.76 ,"4,801,554",150.04952,,,,,,,,,,
22/03/2022, $158.64 ,"2,886,775",151.41317,,,,,,,,,,
23/03/2022, $154.64 ,"3,530,402",151.7695,,,,,,,,,,
24/03/2022, $162.14 ,"5,002,556",153.18582,,,,,,,,,,
25/03/2022, $161.77 ,"3,107,041",154.88313,,,,,,,,,,
28/03/2022, $163.03 ,"2,735,589",157.17478,,,,,,,,,,
29/03/2022, $166.77 ,"3,093,552",159.19609,,,,,,,,,,
30/03/2022, $161.43 ,"3,269,198",159.92941,,,,,,,,,,
31/03/2022, $157.76 ,"3,369,297",160.20041,,,,,,,,,,
01/04/2022, $154.70 ,"5,392,079",159.86308,,,,,,,,,,
04/04/2022, $157.22 ,"2,705,247",159.80841,,,,,,,,,,
05/04/2022, $149.98 ,"4,054,972",158.94275,,,,,,,,,,
06/04/2022, $146.25 ,"4,836,843",158.10375,,,,,,,,,,
07/04/2022, $146.57 ,"3,511,799",156.54676,,,,,,,,,,
08/04/2022, $142.93 ,"4,500,372",154.66278,,,,,,,,,,
11/04/2022, $140.00 ,"4,291,905",152.35947,,,,,,,,,,
12/04/2022, $139.57 ,"5,894,818",149.63983,,,,,,,,,,
13/04/2022, $142.57 ,"3,309,066",147.75385,,,,,,,,,,
14/04/2022, $138.63 ,"5,903,348",145.84087,,,,,,,,,,
18/04/2022, $141.03 ,"3,630,249",144.47355,,,,,,,,,,
19/04/2022, $144.12 ,"3,036,687",143.1639,,,,,,,,,,
20/04/2022, $143.80 ,"3,826,148",142.54591,,,,,,,,,,
21/04/2022, $139.96 ,"3,600,390",141.91725,,,,,,,,,,
22/04/2022, $136.85 ,"4,569,483",140.94526,,,,,,,,,,
25/04/2022, $139.16 ,"6,353,802",140.56826,,,,,,,,,,
26/04/2022, $132.99 ,"5,843,986",139.86793,,,,,,,,,,
27/04/2022, $132.27 ,"4,350,202",139.1376,,,,,,,,,,
28/04/2022, $139.56 ,"4,951,375",138.83594,,,,,,,,,,
29/04/2022, $133.59 ,"4,188,308",138.33228,,,,,,,,,,
02/05/2022, $138.05 ,"4,635,391",138.03462,,,,,,,,,,
03/05/2022, $139.20 ,"2,299,993",137.54229,,,,,,,,,,
04/05/2022, $144.60 ,"4,259,310",137.62195,,,,,,,,,,
05/05/2022, $137.59 ,"4,597,140",137.38479,,,,,,,,,,
06/05/2022, $136.37 ,"3,950,445",137.33646,,,,,,,,,,
09/05/2022, $129.42 ,"5,058,647",136.36247,,,,,,,,,,
10/05/2022, $132.37 ,"4,476,776",136.2998,,,,,,,,,,
11/05/2022, $128.46 ,"5,066,048",135.91881,,,,,,,,,,
12/05/2022, $129.24 ,"5,345,243",134.88682,,,,,,,,,,
13/05/2022, $135.83 ,"4,724,495",135.11082,,,,,,,,,,
16/05/2022, $133.77 ,"2,372,447",134.68215,,,,,,,,,,
17/05/2022, $140.26 ,"3,193,204",134.78881,,,,,,,,,,
18/05/2022, $133.19 ,"3,581,249",133.64849,,,,,,,,,,
19/05/2022, $132.39 ,"3,303,282",133.12799,,,,,,,,,,
20/05/2022, $132.32 ,"4,083,856",132.72299,,,,,,,,,,
23/05/2022, $132.89 ,"3,639,426",133.06932,,,,,,,,,,
24/05/2022, $129.65 ,"2,865,736",132.79766,,,,,,,,,,
25/05/2022, $131.98 ,"2,512,498",133.15032,,,,,,,,,,
26/05/2022, $137.14 ,"2,966,738",133.94064,,,,,,,,,,
27/05/2022, $142.78 ,"3,165,742",134.6353,,,,,,,,,,
31/05/2022, $142.05 ,"2,807,200",135.46329,,,,,,,,,,
01/06/2022, $139.79 ,"2,465,901",135.41629,,,,,,,,,,
02/06/2022, $144.66 ,"2,005,886",136.56328,,,,,,,,,,
03/06/2022, $140.34 ,"2,065,715",137.35828,,,,,,,,,,
06/06/2022, $140.58 ,"2,241,865",138.18461,,,,,,,,,,
07/06/2022, $141.70 ,"1,867,020",139.06627,,,,,,,,,,
08/06/2022, $138.69 ,"3,396,399",139.96993,,,,,,,,,,
09/06/2022, $134.55 ,"2,516,965",140.22626,,,,,,,,,,
10/06/2022, $129.77 ,"3,599,423",139.48894,,,,,,,,,,
13/06/2022, $122.28 ,"4,042,855",137.43896,,,,,,,,,,
14/06/2022, $122.96 ,"2,831,539",135.53032,,,,,,,,,,
15/06/2022, $125.07 ,"3,811,091",134.05834,,,,,,,,,,
16/06/2022, $117.54 ,"3,921,348",131.3457,,,,,,,,,,
17/06/2022, $118.01 ,"3,400,477",129.11339,,,,,,,,,,
21/06/2022, $121.10 ,"2,830,300",127.16574,,,,,,,,,,
22/06/2022, $119.84 ,"4,106,816",124.97943,,,,,,,,,,
23/06/2022, $119.03 ,"2,179,008",123.01345,,,,,,,,,,
24/06/2022, $124.30 ,"3,784,210",121.9888,,,,,,,,,,
27/06/2022, $123.96 ,"2,497,566",121.40814,,,,,,,,,,
28/06/2022, $120.94 ,"3,052,731",121.27381,,,,,,,,,,
29/06/2022, $118.08 ,"3,393,681",120.78615,,,,,,,,,,
30/06/2022, $116.54 ,"3,285,602",119.93249,,,,,,,,,,
01/07/2022, $112.41 ,"3,875,750",119.42016,,,,,,,,,,
05/07/2022, $113.30 ,"3,391,305",118.94883,,,,,,,,,,
06/07/2022, $113.85 ,"2,671,994",118.22384,,,,,,,,,,
07/07/2022, $118.95 ,"2,866,339",118.13484,,,,,,,,,,
08/07/2022, $119.52 ,"2,333,894",118.18384,,,,,,,,,,
11/07/2022, $116.76 ,"2,489,943",117.43018,,,,,,,,,,
12/07/2022, $117.09 ,"4,494,470",116.74318,,,,,,,,,,
13/07/2022, $117.75 ,"3,564,590",116.42451,,,,,,,,,,
14/07/2022, $120.25 ,"3,186,988",116.64084,,,,,,,,,,
15/07/2022, $123.12 ,"2,984,447",117.29883,,,,,,,,,,
18/07/2022, $122.72 ,"2,959,235",118.32982,,,,,,,,,,
19/07/2022, $128.13 ,"3,116,827",119.81314,,,,,,,,,,
20/07/2022, $131.40 ,"4,845,231",121.56779,,,,,,,,,,
21/07/2022, $133.55 ,"2,753,322",123.02744,,,,,,,,,,
22/07/2022, $130.26 ,"4,547,982",124.10143,,,,,,,,,,
25/07/2022, $129.43 ,"2,863,231",125.36841,,,,,,,,,,
26/07/2022, $127.28 ,"2,510,533",126.38707,,,,,,,,,,
27/07/2022, $133.10 ,"3,214,247",127.92206,,,,,,,,,,
28/07/2022, $134.74 ,"3,532,373",129.37138,,,,,,,,,,
29/07/2022, $135.78 ,"3,841,019",130.63737,,,,,,,,,,
01/08/2022, $136.30 ,"3,812,024",131.99502,,,,,,,,,,
02/08/2022, $136.04 ,"2,124,798",132.78567,,,,,,,,,,
03/08/2022, $139.82 ,"2,860,789",133.62766,,,,,,,,,,
04/08/2022, $140.83 ,"1,918,993",134.35599,,,,,,,,,,
05/08/2022, $139.73 ,"3,279,827",135.30364,,,,,,,,,,
08/08/2022, $137.62 ,"3,067,623",136.1223,,,,,,,,,,
09/08/2022, $131.31 ,"4,369,636",136.52596,,,,,,,,,,
10/08/2022, $136.76 ,"3,456,130",136.89229,,,,,,,,,,
11/08/2022, $136.59 ,"2,404,422",137.07695,,,,,,,,,,
12/08/2022, $140.58 ,"2,050,781",137.55761,,,,,,,,,,
15/08/2022, $141.11 ,"1,325,341",138.03828,,,,,,,,,,
16/08/2022, $139.66 ,"1,566,858",138.40061,,,,,,,,,,
17/08/2022, $136.29 ,"2,640,029",138.04761,,,,,,,,,,
18/08/2022, $139.40 ,"1,699,027",137.90428,,,,,,,,,,
19/08/2022, $135.63 ,"2,324,162",137.49429,,,,,,,,,,
22/08/2022, $130.53 ,"2,903,522",136.7853,,,,,,,,,,
23/08/2022, $131.18 ,"2,430,477",136.77197,,,,,,,,,,
24/08/2022, $131.51 ,"1,251,777",136.24664,,,,,,,,,,
25/08/2022, $136.33 ,"2,679,608",136.22097,,,,,,,,,,
26/08/2022, $128.60 ,"2,838,007",135.02232,,,,,,,,,,
29/08/2022, $126.00 ,"2,575,234",133.51166,,,,,,,,,,
30/08/2022, $124.53 ,"3,212,852",131.99868,,,,,,,,,,
31/08/2022, $123.23 ,"2,974,952",130.6927,,,,,,,,,,
01/09/2022, $120.94 ,"4,537,728",128.84738,,,,,,,,,,
02/09/2022, $119.62 ,"3,841,748",127.24573,,,,,,,,,,
06/09/2022, $118.24 ,"2,692,517",126.01641,,,,,,,,,,
07/09/2022, $120.24 ,"1,699,525",124.92209,,,,,,,,,,
08/09/2022, $122.26 ,"2,823,475",123.99743,,,,,,,,,,
09/09/2022, $125.20 ,"2,066,594",122.88411,,,,,,,,,,
12/09/2022, $125.81 ,"2,611,037",122.60511,,,,,,,,,,
13/09/2022, $117.99 ,"4,064,968",121.80446,,,,,,,,,,
14/09/2022, $119.33 ,"2,722,926",121.28446,,,,,,,,,,
15/09/2022, $117.35 ,"2,432,808",120.6968,,,,,,,,,,
16/09/2022, $118.06 ,"3,392,199",120.40814,,,,,,,,,,
19/09/2022, $118.68 ,"2,146,791",120.31414,,,,,,,,,,
20/09/2022, $117.10 ,"2,630,753",120.20047,,,,,,,,,,
21/09/2022, $115.92 ,"3,535,175",119.76847,,,,,,,,,,
22/09/2022, $112.76 ,"2,936,111",118.81848,,,,,,,,,,
23/09/2022, $111.25 ,"3,881,864",117.42416,,,,,,,,,,
26/09/2022, $108.99 ,"2,881,453",115.74284,,,,,,,,,,
27/09/2022, $110.01 ,"2,977,646",114.94418,,,,,,,,,,
28/09/2022, $111.57 ,"4,045,114",114.16753,,,,,,,,,,
29/09/2022, $108.10 ,"3,008,934",113.24187,,,,,,,,,,
30/09/2022, $106.24 ,"2,723,118",112.06055,,,,,,,,,,
03/10/2022, $109.92 ,"3,747,190",111.18456,,,,,,,,,,
04/10/2022, $115.07 ,"3,182,311",110.9819,,,,,,,,,,
05/10/2022, $116.01 ,"2,505,682",110.99157,,,,,,,,,,
06/10/2022, $115.55 ,"2,850,016",111.27023,,,,,,,,,,
07/10/2022, $108.62 ,"3,969,078",111.00657,,,,,,,,,,
10/10/2022, $104.92 ,"4,665,142",110.59958,,,,,,,,,,
11/10/2022, $101.97 ,"4,818,714",109.79625,,,,,,,,,,
12/10/2022, $100.98 ,"3,108,745",108.73792,,,,,,,,,,
13/10/2022, $103.89 ,"4,911,553",108.31726,,,,,,,,,,
14/10/2022, $99.56 ,"3,890,747",107.64893,,,,,,,,,,
17/10/2022, $101.67 ,"3,760,546",106.82427,,,,,,,,,,
18/10/2022, $102.02 ,"3,559,037",105.51895,,,,,,,,,,
19/10/2022, $102.67 ,"3,043,518",104.18496,,,,,,,,,,
20/10/2022, $103.31 ,"3,567,197",102.96098,,,,,,,,,,
21/10/2022, $107.15 ,"3,703,099",102.81431,,,,,,,,,,
24/10/2022, $107.61 ,"3,784,252",103.08331,,,,,,,,,,
25/10/2022, $110.07 ,"2,770,770",103.89297,,,,,,,,,,
26/10/2022, $108.99 ,"4,813,242",104.6933,,,,,,,,,,
27/10/2022, $107.05 ,"3,589,457",105.00963,,,,,,,,,,
28/10/2022, $111.25 ,"4,192,718",106.17862,,,,,,,,,,
31/10/2022, $108.83 ,"2,395,022",106.89428,,,,,,,,,,
01/11/2022, $109.70 ,"2,810,398",107.6626,,,,,,,,,,
02/11/2022, $106.24 ,"3,193,732",108.01926,,,,,,,,,,
03/11/2022, $104.82 ,"3,752,251",108.16992,,,,,,,,,,
04/11/2022, $109.67 ,"4,601,719",108.42159,,,,,,,,,,
07/11/2022, $112.04 ,"3,548,741",108.86391,,,,,,,,,,
08/11/2022, $114.50 ,"3,901,167",109.30724,,,,,,,,,,
09/11/2022, $110.84 ,"3,578,678",109.4929,,,,,,,,,,
10/11/2022, $122.31 ,"5,347,424",111.01888,,,,,,,,,,
11/11/2022, $126.06 ,"6,114,136",112.49953,,,,,,,,,,
14/11/2022, $124.68 ,"3,683,118",114.08451,,,,,,,,,,
15/11/2022, $128.29 ,"4,897,770",115.94316,,,,,,,,,,
16/11/2022, $122.99 ,"4,775,660",117.61848,,,,,,,,,,
17/11/2022, $123.96 ,"3,974,838",119.53246,,,,,,,,,,
18/11/2022, $124.23 ,"3,105,295",120.98911,,,,,,,,,,
21/11/2022, $122.17 ,"1,815,639",122.00277,,,,,,,,,,
22/11/2022, $125.81 ,"3,290,744",123.13376,,,,,,,,,,
23/11/2022, $127.33 ,"3,905,886",124.78275,,,,,,,,,,
25/11/2022, $125.64 ,"1,163,942",125.11508,,,,,,,,,,
28/11/2022, $122.50 ,"3,222,059",124.75908,,,,,,,,,,
29/11/2022, $122.02 ,"1,828,425",124.49375,,,,,,,,,,
30/11/2022, $129.34 ,"4,166,117",124.59908,,,,,,,,,,
01/12/2022, $128.41 ,"4,130,852",125.14107,,,,,,,,,,
02/12/2022, $126.96 ,"3,110,869",125.44174,,,,,,,,,,
05/12/2022, $125.36 ,"2,709,318",125.55407,,,,,,,,,,
06/12/2022, $122.72 ,"2,182,797",125.60874,,,,,,,,,,
07/12/2022, $122.46 ,"2,111,805",125.27307,,,,,,,,,,
08/12/2022, $126.00 ,"2,694,329",125.1394,,,,,,,,,,
09/12/2022, $124.83 ,"1,749,518",125.05874,,,,,,,,,,
12/12/2022, $127.04 ,"2,178,867",125.51307,,,,,,,,,,
13/12/2022, $128.86 ,"4,521,117",126.19706,,,,,,,,,,
14/12/2022, $126.93 ,"3,972,060",125.95573,,,,,,,,,,
15/12/2022, $121.56 ,"3,883,301",125.27041,,,,,,,,,,
16/12/2022, $120.64 ,"2,465,790",124.63808,,,,,,,,,,
19/12/2022, $119.15 ,"2,231,863",124.01709,,,,,,,,,,
20/12/2022, $118.42 ,"2,275,642",123.58709,,,,,,,,,,
21/12/2022, $121.09 ,"2,291,866",123.4501,,,,,,,,,,
22/12/2022, $116.19 ,"5,404,428",122.46978,,,,,,,,,,
23/12/2022, $116.29 ,"2,571,955",121.61612,,,,,,,,,,
27/12/2022, $114.19 ,"3,494,767",120.33147,,,,,,,,,,
28/12/2022, $112.51 ,"2,682,062",118.69616,,,,,,,,,,
29/12/2022, $116.10 ,"3,263,057",117.61317,,,,,,,,,,
30/12/2022, $115.99 ,"2,010,110",117.05651,,,,,,,,,,
03/01/2023, $114.86 ,"2,845,111",116.47885,,,,,,,,,,
04/01/2023, $117.82 ,"3,257,063",116.34618,,,,,,,,,,
05/01/2023, $115.83 ,"2,672,096",116.08752,,,,,,,,,,
06/01/2023, $121.22 ,"4,898,382",116.10118,,,,,,,,,,
09/01/2023, $123.46 ,"4,581,504",116.8275,,,,,,,,,,
10/01/2023, $125.05 ,"2,825,323",117.70349,,,,,,,,,,
11/01/2023, $126.67 ,"2,682,104",118.95081,,,,,,,,,,
12/01/2023, $128.21 ,"3,324,033",120.52046,,,,,,,,,,
13/01/2023, $128.74 ,"2,079,764",121.78412,,,,,,,,,,
17/01/2023, $128.88 ,"3,017,466",123.0731,,,,,,,,,,
18/01/2023, $128.21 ,"3,513,476",124.40742,,,,,,,,,,
19/01/2023, $124.61 ,"3,775,111",125.08642,,,,,,,,,,
20/01/2023, $128.51 ,"3,353,199",126.35407,,,,,,,,,,
23/01/2023, $134.96 ,"5,726,613",127.72806,,,,,,,,,,
24/01/2023, $133.94 ,"2,370,308",128.77672,,,,,,,,,,
25/01/2023, $134.31 ,"3,301,158",129.70204,,,,,,,,,,
26/01/2023, $136.57 ,"3,896,864",130.69236,,,,,,,,,,
27/01/2023, $135.70 ,"4,290,189",131.44168,,,,,,,,,,
30/01/2023, $132.10 ,"4,384,624",131.77767,,,,,,,,,,
31/01/2023, $134.56 ,"3,104,467",132.34534,,,,,,,,,,
01/02/2023, $141.58 ,"7,244,274",133.68233,,,,,,,,,,
02/02/2023, $144.86 ,"7,456,151",135.70697,,,,,,,,,,
03/02/2023, $142.03 ,"5,555,758",137.05896,,,,,,,,,,
06/02/2023, $139.72 ,"2,496,390",137.53495,,,,,,,,,,
07/02/2023, $144.17 ,"3,285,473",138.55727,,,,,,,,,,
08/02/2023, $141.07 ,"3,521,900",139.23327,,,,,,,,,,
09/02/2023, $141.43 ,"3,015,696",139.71894,,,,,,,,,,
10/02/2023, $139.18 ,"2,948,090",140.06661,,,,,,,,,,
13/02/2023, $141.22 ,"2,122,563",140.97927,,,,,,,,,,
14/02/2023, $143.79 ,"3,252,047",141.90192,,,,,,,,,,
15/02/2023, $144.37 ,"2,147,154",142.18158,,,,,,,,,,
16/02/2023, $140.83 ,"3,444,829",141.77925,,,,,,,,,,
17/02/2023, $138.64 ,"3,064,662",141.44025,,,,,,,,,,
21/02/2023, $134.15 ,"2,208,520",140.88293,,,,,,,,,,
22/02/2023, $133.51 ,"2,285,665",139.81694,,,,,,,,,,
23/02/2023, $137.90 ,"4,617,304",139.49994,,,,,,,,,,
24/02/2023, $135.43 ,"2,842,387",138.89994,,,,,,,,,,
27/02/2023, $136.14 ,"2,040,836",138.59661,,,,,,,,,,
28/02/2023, $136.61 ,"1,582,428",138.13528,,,,,,,,,,
01/03/2023, $136.65 ,"1,922,431",137.42129,,,,,,,,,,
02/03/2023, $137.74 ,"3,110,839",136.75796,,,,,,,,,,
03/03/2023, $139.86 ,"2,409,402",136.66096,,,,,,,,,,
06/03/2023, $138.24 ,"2,177,181",136.62063,,,,,,,,,,
07/03/2023, $136.78 ,"1,898,868",136.88362,,,,,,,,,,
08/03/2023, $140.42 ,"2,088,236",137.57462,,,,,,,,,,
09/03/2023, $137.63 ,"3,889,706",137.54762,,,,,,,,,,
10/03/2023, $134.97 ,"3,320,832",137.50162,,,,,,,,,,
13/03/2023, $135.01 ,"3,512,765",137.38795,,,,,,,,,,
14/03/2023, $138.95 ,"2,743,089",137.62228,,,,,,,,,,
15/03/2023, $137.33 ,"3,526,988",137.69095,,,,,,,,,,
16/03/2023, $142.70 ,"3,842,195",138.18661,,,,,,,,,,
17/03/2023, $141.81 ,"2,828,443",138.38161,,,,,,,,,,
20/03/2023, $143.31 ,"2,155,680",138.88927,,,,,,,,,,
21/03/2023, $143.60 ,"2,899,534",139.57093,,,,,,,,,,
22/03/2023, $142.17 ,"3,313,113",139.74626,,,,,,,,,,
23/03/2023, $145.68 ,"4,039,972",140.55125,,,,,,,,,,
24/03/2023, $143.15 ,"3,123,163",141.36958,,,,,,,,,,
27/03/2023, $141.47 ,"1,806,249",142.01591,,,,,,,,,,
28/03/2023, $140.41 ,"2,738,247",142.16158,,,,,,,,,,
29/03/2023, $144.92 ,"3,140,299",142.92057,,,,,,,,,,
30/03/2023, $147.31 ,"2,602,403",143.3819,,,,,,,,,,
31/03/2023, $148.22 ,"2,151,114",144.0229,,,,,,,,,,
03/04/2023, $146.94 ,"1,877,145",144.3859,,,,,,,,,,
04/04/2023, $144.20 ,"2,324,603",144.44657,,,,,,,,,,
05/04/2023, $141.70 ,"3,343,923",144.3999,,,,,,,,,,
06/04/2023, $140.97 ,"1,894,764",143.92957,,,,,,,,,,
10/04/2023, $143.46 ,"1,927,255",143.9609,,,,,,,,,,
11/04/2023, $142.71 ,"1,823,247",144.0849,,,,,,,,,,
12/04/2023, $140.10 ,"2,598,958",144.0539,,,,,,,,,,
13/04/2023, $141.25 ,"3,013,515",143.6869,,,,,,,,,,
14/04/2023, $141.03 ,"1,963,639",143.05924,,,,,,,,,,
17/04/2023, $141.03 ,"2,206,600",142.34024,,,,,,,,,,
18/04/2023, $141.64 ,"2,765,403",141.81024,,,,,,,,,,
19/04/2023, $140.09 ,"1,264,422",141.39924,,,,,,,,,,
20/04/2023, $139.96 ,"2,391,935",141.22524,,,,,,,,,,
21/04/2023, $138.94 ,"2,157,690",141.02158,,,,,,,,,,
24/04/2023, $138.31 ,"2,074,787",140.50659,,,,,,,,,,
25/04/2023, $133.67 ,"2,482,605",139.60226,,,,,,,,,,
26/04/2023, $134.38 ,"1,926,250",139.03027,,,,,,,,,,
27/04/2023, $134.95 ,"3,116,848",138.39961,,,,,,,,,,
28/04/2023, $137.38 ,"2,359,133",138.03428,,,,,,,,,,
01/05/2023, $138.62 ,"1,803,984",137.79328,,,,,,,,,,
02/05/2023, $137.63 ,"2,115,540",137.39229,,,,,,,,,,
03/05/2023, $136.05 ,"2,525,380",136.9883,,,,,,,,,,
04/05/2023, $135.29 ,"2,102,676",136.52097,,,,,,,,,,
05/05/2023, $138.30 ,"1,619,512",136.4573,,,,,,,,,,
08/05/2023, $138.88 ,"1,366,021",136.51429,,,,,,,,,,
09/05/2023, $136.52 ,"2,349,047",136.79962,,,,,,,,,,
10/05/2023, $137.91 ,"2,766,762",137.15261,,,,,,,,,,
11/05/2023, $137.01 ,"1,854,630",137.35861,,,,,,,,,,
12/05/2023, $136.88 ,"1,383,346",137.30861,,,,,,,,,,
15/05/2023, $140.60 ,"1,799,177",137.50595,,,,,,,,,,
16/05/2023, $140.33 ,"2,047,880",137.77594,,,,,,,,,,
17/05/2023, $143.80 ,"1,985,983",138.5506,,,,,,,,,,
18/05/2023, $148.34 ,"3,429,238",139.85592,,,,,,,,,,
19/05/2023, $147.58 ,"2,877,715",140.78391,,,,,,,,,,
22/05/2023, $148.09 ,"2,299,672",141.70457,,,,,,,,,,
23/05/2023, $146.26 ,"1,553,286",142.67856,,,,,,,,,,
24/05/2023, $143.64 ,"4,340,893",143.25189,,,,,,,,,,
25/05/2023, $153.21 ,"12,974,022",144.87221,,,,,,,,,,
26/05/2023, $163.22 ,"8,011,025",147.50652,,,,,,,,,,
30/05/2023, $163.09 ,"7,862,643",149.75549,,,,,,,,,,
31/05/2023, $158.90 ,"5,359,118",151.61214,,,,,,,,,,
01/06/2023, $161.63 ,"7,343,626",153.39545,,,,,,,,,,
02/06/2023, $161.25 ,"3,319,146",154.68644,,,,,,,,,,
05/06/2023, $158.76 ,"2,710,905",155.8041,,,,,,,,,,
06/06/2023, $160.67 ,"3,235,865",157.06242,,,,,,,,,,
07/06/2023, $160.22 ,"3,906,474",158.45841,,,,,,,,,,
08/06/2023, $161.86 ,"2,727,561",160.28006,,,,,,,,,,
09/06/2023, $162.29 ,"2,519,566",161.18771,,,,,,,,,,
12/06/2023, $167.51 ,"2,647,463",161.61671,,,,,,,,,,
13/06/2023, $169.76 ,"4,164,344",162.28371,,,,,,,,,,
14/06/2023, $172.16 ,"8,500,444",163.61036,,,,,,,,,,
15/06/2023, $170.74 ,"6,561,266",164.52135,,,,,,,,,,
16/06/2023, $169.17 ,"4,956,526",165.31268,,,,,,,,,,
20/06/2023, $167.80 ,"2,024,411",166.21667,,,,,,,,,,
21/06/2023, $163.71 ,"4,128,440",166.52,,,,,,,,,,
22/06/2023, $164.47 ,"3,657,144",166.945,,,,,,,,,,
23/06/2023, $161.57 ,"2,057,375",166.91633,,,,,,,,,,
26/06/2023, $162.10 ,"2,434,752",166.89733,,,,,,,,,,
27/06/2023, $167.76 ,"2,763,750",166.92199,,,,,,,,,,
28/06/2023, $166.47 ,"2,912,324",166.59299,,,,,,,,,,
29/06/2023, $166.51 ,"1,674,574",166.02767,,,,,,,,,,
30/06/2023, $169.09 ,"1,618,327",165.86201,,,,,,,,,,
03/07/2023, $170.59 ,"809,477",166.00434,,,,,,,,,,
05/07/2023, $166.82 ,"2,822,788",165.90667,,,,,,,,,,
06/07/2023, $164.72 ,"3,454,618",166.00767,,,,,,,,,,
07/07/2023, $164.79 ,"1,824,405",166.03933,,,,,,,,,,
10/07/2023, $168.22 ,"1,833,507",166.70366,,,,,,,,,,
11/07/2023, $168.22 ,"2,370,578",167.31633,,,,,,,,,,
12/07/2023, $171.36 ,"4,269,828",167.676,,,,,,,,,,
13/07/2023, $174.89 ,"2,791,311",168.51899,,,,,,,,,,
14/07/2023, $172.71 ,"5,124,981",169.13865,,,,,,,,,,
17/07/2023, $176.84 ,"2,928,899",169.91431,,,,,,,,,,
18/07/2023, $177.17 ,"2,669,342",170.5723,,,,,,,,,,
19/07/2023, $175.06 ,"2,483,343",171.39696,,,,,,,,,,
20/07/2023, $168.70 ,"5,085,539",171.79529,,,,,,,,,,
21/07/2023, $170.22 ,"2,527,750",172.33895,,,,,,,,,,
24/07/2023, $170.22 ,"1,544,370",172.53895,,,,,,,,,,
25/07/2023, $173.08 ,"1,869,216",173.02461,,,,,,,,,,
26/07/2023, $170.69 ,"2,618,861",172.95794,,,,,,,,,,
27/07/2023, $173.90 ,"3,826,529",172.85828,,,,,,,,,,
28/07/2023, $177.69 ,"2,822,389",173.35694,,,,,,,,,,
31/07/2023, $178.43 ,"1,629,202",173.51593,,,,,,,,,,
01/08/2023, $178.54 ,"1,355,788",173.6536,,,,,,,,,,
02/08/2023, $171.71 ,"4,680,520",173.31827,,,,,,,,,,
03/08/2023, $171.27 ,"4,367,401",173.5756,,,,,,,,,,
04/08/2023, $171.00 ,"4,139,312",173.6536,,,,,,,,,,
07/08/2023, $172.80 ,"2,263,033",173.91226,,,,,,,,,,
08/08/2023, $170.05 ,"2,767,410",173.60959,,,,,,,,,,
09/08/2023, $166.93 ,"3,227,945",173.23393,,,,,,,,,,
10/08/2023, $166.26 ,"3,831,494",172.46993,,,,,,,,,,
11/08/2023, $162.23 ,"3,882,455",170.92328,,,,,,,,,,
14/08/2023, $166.91 ,"3,127,246",169.77096,,,,,,,,,,
15/08/2023, $164.12 ,"2,277,022",168.32864,,,,,,,,,,
16/08/2023, $160.95 ,"2,840,158",167.25199,,,,,,,,,,
17/08/2023, $159.37 ,"2,624,384",166.062,,,,,,,,,,
18/08/2023, $160.23 ,"2,315,732",164.98468,,,,,,,,,,
21/08/2023, $164.83 ,"2,757,945",164.18769,,,,,,,,,,
22/08/2023, $163.38 ,"2,056,634",163.52037,,,,,,,,,,
23/08/2023, $166.72 ,"3,027,471",163.49903,,,,,,,,,,
24/08/2023, $161.21 ,"4,848,654",162.99404,,,,,,,,,,
25/08/2023, $161.90 ,"3,436,159",162.96137,,,,,,,,,,
28/08/2023, $163.95 ,"1,689,730",162.66571,,,,,,,,,,
29/08/2023, $168.26 ,"2,729,889",163.07937,,,,,,,,,,
30/08/2023, $169.05 ,"3,073,935",163.89002,,,,,,,,,,
31/08/2023, $170.22 ,"2,109,144",164.97501,,,,,,,,,,
01/09/2023, $170.67 ,"1,891,752",166.01867,,,,,,,,,,
05/09/2023, $170.61 ,"1,871,214",166.59633,,,,,,,,,,
06/09/2023, $169.38 ,"2,008,226",167.19599,,,,,,,,,,
07/09/2023, $165.50 ,"3,877,658",167.07399,,,,,,,,,,
08/09/2023, $164.64 ,"1,333,753",167.41732,,,,,,,,,,
11/09/2023, $164.55 ,"1,423,247",167.68199,,,,,,,,,,
12/09/2023, $163.15 ,"1,720,658",167.60199,,,,,,,,,,
13/09/2023, $163.99 ,"2,927,753",167.175,,,,,,,,,,
14/09/2023, $165.16 ,"2,022,050",166.78601,,,,,,,,,,
15/09/2023, $160.40 ,"2,901,014",165.80336,,,,,,,,,,
18/09/2023, $160.94 ,"1,723,310",164.83103,,,,,,,,,,
19/09/2023, $159.59 ,"1,553,787",163.72871,,,,,,,,,,
20/09/2023, $156.97 ,"2,123,856",162.48772,,,,,,,,,,
21/09/2023, $154.07 ,"2,540,035",161.34474,,,,,,,,,,
22/09/2023, $155.35 ,"2,395,919",160.41575,,,,,,,,,,
25/09/2023, $156.49 ,"1,587,915",159.60975,,,,,,,,,,
26/09/2023, $153.10 ,"2,349,077",158.60476,,,,,,,,,,
27/09/2023, $154.45 ,"2,727,246",157.6511,,,,,,,,,,
28/09/2023, $157.31 ,"3,674,361",156.86611,,,,,,,,,,
29/09/2023, $157.88 ,"2,802,604",156.61478,,,,,,,,,,
02/10/2023, $158.68 ,"2,466,510",156.38845,,,,,,,,,,
03/10/2023, $155.40 ,"2,685,803",155.96945,,,,,,,,,,
04/10/2023, $157.46 ,"3,280,349",156.01878,,,,,,,,,,
05/10/2023, $156.70 ,"1,902,991",156.28144,,,,,,,,,,
06/10/2023, $160.06 ,"3,818,726",156.75243,,,,,,,,,,
09/10/2023, $159.66 ,"2,081,888",157.06976,,,,,,,,,,
10/10/2023, $161.71 ,"1,863,177",157.93042,,,,,,,,,,
11/10/2023, $162.93 ,"2,983,136",158.77774,,,,,,,,,,
12/10/2023, $163.34 ,"3,051,936",159.38073,,,,,,,,,,
13/10/2023, $158.90 ,"2,545,312",159.48206,,,,,,,,,,
16/10/2023, $161.15 ,"1,732,424",159.72873,,,,,,,,,,
17/10/2023, $159.97 ,"2,450,508",160.18606,,,,,,,,,,
18/10/2023, $157.09 ,"2,865,781",160.14873,,,,,,,,,,
19/10/2023, $154.67 ,"4,398,445",159.94573,,,,,,,,,,
20/10/2023, $152.43 ,"3,013,344",159.18241,,,,,,,,,,
23/10/2023, $151.56 ,"2,846,251",158.37242,,,,,,,,,,
24/10/2023, $153.62 ,"2,233,432",157.56343,,,,,,,,,,
25/10/2023, $147.41 ,"3,244,364",156.01178,,,,,,,,,,
26/10/2023, $146.53 ,"4,508,004",154.3308,,,,,,,,,,
27/10/2023, $148.11 ,"2,437,068",153.25214,,,,,,,,,,
30/10/2023, $146.13 ,"2,743,083",151.75015,,,,,,,,,,
31/10/2023, $147.46 ,"1,912,165",150.4995,,,,,,,,,,
01/11/2023, $150.93 ,"3,542,159",149.88417,,,,,,,,,,
02/11/2023, $154.36 ,"2,726,625",149.85384,,,,,,,,,,
03/11/2023, $158.42 ,"2,327,294",150.45283,,,,,,,,,,
06/11/2023, $158.13 ,"1,739,906",151.10916,,,,,,,,,,
07/11/2023, $159.13 ,"1,556,301",151.66048,,,,,,,,,,
08/11/2023, $159.29 ,"2,233,960",152.8488,,,,,,,,,,
09/11/2023, $158.53 ,"2,383,199",154.04845,,,,,,,,,,
10/11/2023, $164.92 ,"2,230,645",155.72977,,,,,,,,,,
13/11/2023, $163.32 ,"1,956,040",157.44875,,,,,,,,,,
14/11/2023, $169.36 ,"2,765,265",159.63806,,,,,,,,,,
15/11/2023, $170.59 ,"5,105,364",161.60338,,,,,,,,,,
16/11/2023, $170.67 ,"2,275,603",163.23403,,,,,,,,,,
17/11/2023, $171.87 ,"1,815,726",164.57902,,,,,,,,,,
20/11/2023, $174.40 ,"1,486,241",166.20667,,,,,,,,,,
21/11/2023, $171.14 ,"3,018,525",167.40766,,,,,,,,,,
22/11/2023, $171.69 ,"2,044,412",168.64732,,,,,,,,,,
24/11/2023, $171.81 ,"516,488",169.97564,,,,,,,,,,
27/11/2023, $171.57 ,"1,816,923",170.64063,,,,,,,,,,
28/11/2023, $170.57 ,"1,852,347",171.36596,,,,,,,,,,
29/11/2023, $172.42 ,"3,665,793",171.67229,,,,,,,,,,
30/11/2023, $171.22 ,"2,419,404",171.73529,,,,,,,,,,
01/12/2023, $172.02 ,"1,719,632",171.87029,,,,,,,,,,
04/12/2023, $170.09 ,"1,810,551",171.69262,,,,,,,,,,
05/12/2023, $169.13 ,"2,568,460",171.16496,,,,,,,,,,
06/12/2023, $168.08 ,"2,683,499",170.85897,,,,,,,,,,
07/12/2023, $172.59 ,"1,916,623",170.94897,,,,,,,,,,
08/12/2023, $173.95 ,"4,207,320",171.16297,,,,,,,,,,
11/12/2023, $179.88 ,"3,977,028",171.9943,,,,,,,,,,
12/12/2023, $181.18 ,"2,226,613",173.05562,,,,,,,,,,
13/12/2023, $183.97 ,"5,724,978",174.21094,,,,,,,,,,
14/12/2023, $189.07 ,"3,372,309",175.99658,,,,,,,,,,
15/12/2023, $189.77 ,"3,956,112",177.77223,,,,,,,,,,
18/12/2023, $189.25 ,"2,272,093",179.68788,,,,,,,,,,
19/12/2023, $190.26 ,"1,910,752",181.80119,,,,,,,,,,
20/12/2023, $184.25 ,"3,355,935",183.4185,,,,,,,,,,
21/12/2023, $189.35 ,"2,589,271",185.09515,,,,,,,,,,
22/12/2023, $189.96 ,"2,363,555",186.69613,,,,,,,,,,
26/12/2023, $193.32 ,"1,906,471",188.03945,,,,,,,,,,
27/12/2023, $193.81 ,"1,877,358",189.30277,,,,,,,,,,
28/12/2023, $193.45 ,"1,052,992",190.25076,,,,,,,,,,
29/12/2023, $192.03 ,"1,452,380",190.54676,,,,,,,,,,
02/01/2024, $185.11 ,"3,256,721",190.08076,,,,,,,,,,
03/01/2024, $181.14 ,"4,069,930",189.26977,,,,,,,,,,
04/01/2024, $179.61 ,"3,737,248",188.20545,,,,,,,,,,
05/01/2024, $180.61 ,"3,889,373",187.84112,,,,,,,,,,
08/01/2024, $186.49 ,"3,202,235",187.55512,,,,,,,,,,
09/01/2024, $186.56 ,"2,944,283",187.21479,,,,,,,,,,
10/01/2024, $185.93 ,"2,821,681",186.47613,,,,,,,,,,
11/01/2024, $186.62 ,"3,692,115",185.75647,,,,,,,,,,
12/01/2024, $185.79 ,"2,277,064",184.99081,,,,,,,,,,
16/01/2024, $188.43 ,"4,151,417",184.63048,,,,,,,,,,
17/01/2024, $186.70 ,"4,970,935",184.78915,,,,,,,,,,
18/01/2024, $192.86 ,"3,552,119",185.9618,,,,,,,,,,
19/01/2024, $200.41 ,"5,326,880",188.04111,,,,,,,,,,
22/01/2024, $201.06 ,"5,288,470",190.08643,,,,,,,,,,
23/01/2024, $202.40 ,"3,282,089",191.67675,,,,,,,,,,
24/01/2024, $205.34 ,"6,283,949",193.5554,,,,,,,,,,
25/01/2024, $204.77 ,"3,916,971",195.43971,,,,,,,,,,
26/01/2024, $199.25 ,"5,781,393",196.70337,,,,,,,,,,
29/01/2024, $201.33 ,"3,467,572",198.25669,,,,,,,,,,
30/01/2024, $198.22 ,"3,059,157",199.23568,,,,,,,,,,
31/01/2024, $195.35 ,"6,574,232",200.10033,,,,,,,,,,
01/02/2024, $196.31 ,"3,464,140",200.44533,,,,,,,,,,
02/02/2024, $198.82 ,"4,801,140",200.28666,,,,,,,,,,
05/02/2024, $201.54 ,"4,735,199",200.33399,,,,,,,,,,
06/02/2024, $199.19 ,"3,623,937",200.01299,,,,,,,,,,
07/02/2024, $202.23 ,"4,839,474",199.70199,,,,,,,,,,
08/02/2024, $205.71 ,"2,760,813",199.79566,,,,,,,,,,
09/02/2024, $209.81 ,"3,519,470",200.85098,,,,,,,,,,
12/02/2024, $209.43 ,"4,300,051",201.66097,,,,,,,,,,
13/02/2024, $205.12 ,"6,551,411",202.35163,,,,,,,,,,
14/02/2024, $209.76 ,"3,236,414",203.79262,,,,,,,,,,
15/02/2024, $209.56 ,"2,845,468",205.11694,,,,,,,,,,
16/02/2024, $208.37 ,"4,103,600",206.07193,,,,,,,,,,
20/02/2024, $204.86 ,"5,547,646",206.40459,,,,,,,,,,
21/02/2024, $204.39 ,"4,487,582",206.92525,,,,,,,,,,
22/02/2024, $214.47 ,"6,676,446",208.14858,,,,,,,,,,
23/02/2024, $212.15 ,"5,105,211",208.7929,,,,,,,,,,
26/02/2024, $214.25 ,"3,758,971",209.2369,,,,,,,,,,
27/02/2024, $214.03 ,"4,560,927",209.69756,,,,,,,,,,
28/02/2024, $211.63 ,"2,923,733",210.34789,,,,,,,,,,
29/02/2024, $217.36 ,"3,382,929",211.10822,,,,,,,,,,
01/03/2024, $226.61 ,"6,122,947",212.81354,,,,,,,,,,
04/03/2024, $228.84 ,"7,328,533",214.86019,,,,,,,,,,
