Date,Volume,Close,Average,,,,,,,,,,
06/03/2017,"55,391,533", $237.71 ,237.71,,,,,,,,,,
07/03/2017,"65,103,737", $237.00 ,237.355,,,,,,,,,,
08/03/2017,"78,168,795", $236.56 ,237.09,,,,,,,,,,
09/03/2017,"90,683,918", $236.86 ,237.0325,,,,,,,,,,
10/03/2017,"81,991,652", $237.69 ,237.164,,,,,,,,,,
13/03/2017,"57,256,824", $237.81 ,237.2716667,,,,,,,,Stock Name,Starting Date,End Date
14/03/2017,"59,880,778", $236.90 ,237.2185714,,,,,,,,SPY,04/03/2017,04/03/2024
15/03/2017,"96,081,750", $238.95 ,237.435,,,,,,,,,,
16/03/2017,"78,343,951", $238.48 ,237.5511111,,,,,,,,,,
17/03/2017,"89,002,111", $237.03 ,237.499,,,,,,,,,,
20/03/2017,"52,536,979", $236.77 ,237.405,,,,,,,,,,
21/03/2017,"131,809,275", $233.73 ,237.078,,,,,,,,,,
22/03/2017,"97,569,204", $234.28 ,236.85,,,,,,,,,,
23/03/2017,"100,410,277", $234.03 ,236.567,,,,,,,,,,
24/03/2017,"112,504,853", $233.86 ,236.184,,,,,,,,,,
27/03/2017,"87,454,452", $233.62 ,235.765,,,,,,,,,,
28/03/2017,"93,483,915", $235.32 ,235.607,,,,,,,,,,
29/03/2017,"61,950,354", $235.54 ,235.266,,,,,,,,,,
30/03/2017,"56,737,890", $236.29 ,235.047,,,,,,,,,,
31/03/2017,"73,733,094", $235.74 ,234.918,,,,,,,,,,
03/04/2017,"85,546,486", $235.33 ,234.774,,,,,,,,,,
04/04/2017,"56,466,195", $235.48 ,234.949,,,,,,,,,,
05/04/2017,"108,800,604", $234.78 ,234.999,,,,,,,,,,
06/04/2017,"69,135,757", $235.44 ,235.14,,,,,,,,,,
07/04/2017,"74,412,311", $235.20 ,235.274,,,,,,,,,,
10/04/2017,"67,615,302", $235.34 ,235.446,,,,,,,,,,
11/04/2017,"88,045,276", $235.06 ,235.42,,,,,,,,,,
12/04/2017,"81,864,436", $234.03 ,235.269,,,,,,,,,,
13/04/2017,"92,880,394", $232.51 ,234.891,,,,,,,,,,
17/04/2017,"68,405,367", $234.57 ,234.774,,,,,,,,,,
18/04/2017,"83,225,821", $233.87 ,234.628,,,,,,,,,,
19/04/2017,"68,699,868", $233.44 ,234.424,,,,,,,,,,
20/04/2017,"92,572,186", $235.34 ,234.48,,,,,,,,,,
21/04/2017,"110,389,847", $234.59 ,234.395,,,,,,,,,,
24/04/2017,"119,209,877", $237.17 ,234.592,,,,,,,,,,
25/04/2017,"76,698,265", $238.55 ,234.913,,,,,,,,,,
26/04/2017,"84,702,455", $238.40 ,235.247,,,,,,,,,,
27/04/2017,"57,410,326", $238.60 ,235.704,,,,,,,,,,
28/04/2017,"63,532,845", $238.08 ,236.261,,,,,,,,,,
01/05/2017,"66,882,521", $238.68 ,236.672,,,,,,,,,,
02/05/2017,"57,375,732", $238.77 ,237.162,,,,,,,,,,
03/05/2017,"73,137,731", $238.48 ,237.666,,,,,,,,,,
04/05/2017,"61,462,732", $238.76 ,238.008,,,,,,,,,,
05/05/2017,"62,001,269", $239.70 ,238.519,,,,,,,,,,
08/05/2017,"48,385,730", $239.66 ,238.768,,,,,,,,,,
09/05/2017,"51,363,200", $239.44 ,238.857,,,,,,,,,,
10/05/2017,"54,293,799", $239.87 ,239.004,,,,,,,,,,
11/05/2017,"62,358,346", $239.38 ,239.082,,,,,,,,,,
12/05/2017,"53,912,730", $238.98 ,239.172,,,,,,,,,,
15/05/2017,"61,918,937", $240.30 ,239.334,,,,,,,,,,
16/05/2017,"51,241,791", $240.08 ,239.465,,,,,,,,,,
17/05/2017,"172,174,107", $235.82 ,239.199,,,,,,,,,,
18/05/2017,"107,047,656", $236.77 ,239,,,,,,,,,,
19/05/2017,"115,011,373", $238.31 ,238.861,,,,,,,,,,
22/05/2017,"61,010,602", $239.52 ,238.847,,,,,,,,,,
23/05/2017,"48,341,683", $240.05 ,238.908,,,,,,,,,,
24/05/2017,"49,181,099", $240.61 ,238.982,,,,,,,,,,
25/05/2017,"64,071,661", $241.76 ,239.22,,,,,,,,,,
26/05/2017,"46,629,905", $241.71 ,239.493,,,,,,,,,,
30/05/2017,"35,201,897", $241.50 ,239.613,,,,,,,,,,
31/05/2017,"91,796,016", $241.44 ,239.749,,,,,,,,,,
01/06/2017,"68,962,024", $243.36 ,240.503,,,,,,,,,,
02/06/2017,"88,666,128", $244.17 ,241.243,,,,,,,,,,
05/06/2017,"44,698,825", $243.99 ,241.811,,,,,,,,,,
06/06/2017,"50,375,430", $243.21 ,242.18,,,,,,,,,,
07/06/2017,"54,144,311", $243.66 ,242.541,,,,,,,,,,
08/06/2017,"65,950,691", $243.78 ,242.858,,,,,,,,,,
09/06/2017,"132,256,362", $243.41 ,243.023,,,,,,,,,,
12/06/2017,"86,108,102", $243.36 ,243.188,,,,,,,,,,
13/06/2017,"60,066,953", $244.55 ,243.493,,,,,,,,,,
14/06/2017,"78,602,311", $244.24 ,243.773,,,,,,,,,,
15/06/2017,"66,464,888", $243.77 ,243.814,,,,,,,,,,
16/06/2017,"84,553,097", $242.64 ,243.661,,,,,,,,,,
19/06/2017,"65,123,802", $244.66 ,243.728,,,,,,,,,,
20/06/2017,"56,906,368", $243.01 ,243.708,,,,,,,,,,
21/06/2017,"55,977,569", $242.95 ,243.637,,,,,,,,,,
22/06/2017,"44,148,059", $242.84 ,243.543,,,,,,,,,,
23/06/2017,"66,986,801", $243.13 ,243.515,,,,,,,,,,
26/06/2017,"56,700,477", $243.29 ,243.508,,,,,,,,,,
27/06/2017,"82,247,666", $241.33 ,243.186,,,,,,,,,,
28/06/2017,"70,042,599", $243.49 ,243.111,,,,,,,,,,
29/06/2017,"106,949,719", $241.35 ,242.869,,,,,,,,,,
30/06/2017,"86,820,694", $241.80 ,242.785,,,,,,,,,,
03/07/2017,"39,153,806", $242.21 ,242.54,,,,,,,,,,
05/07/2017,"54,427,596", $242.77 ,242.516,,,,,,,,,,
06/07/2017,"66,115,317", $240.55 ,242.276,,,,,,,,,,
07/07/2017,"57,972,268", $242.11 ,242.203,,,,,,,,,,
10/07/2017,"36,663,274", $242.37 ,242.127,,,,,,,,,,
11/07/2017,"50,354,614", $242.19 ,242.017,,,,,,,,,,
12/07/2017,"59,610,405", $244.01 ,242.285,,,,,,,,,,
13/07/2017,"39,471,637", $244.42 ,242.378,,,,,,,,,,
14/07/2017,"60,262,692", $245.56 ,242.799,,,,,,,,,,
17/07/2017,"33,531,917", $245.53 ,243.172,,,,,,,,,,
18/07/2017,"42,742,498", $245.66 ,243.517,,,,,,,,,,
19/07/2017,"51,034,260", $246.99 ,243.939,,,,,,,,,,
20/07/2017,"47,135,183", $247.10 ,244.594,,,,,,,,,,
21/07/2017,"88,711,019", $246.88 ,245.071,,,,,,,,,,
24/07/2017,"46,622,256", $246.82 ,245.516,,,,,,,,,,
25/07/2017,"54,915,591", $247.42 ,246.039,,,,,,,,,,
26/07/2017,"47,575,422", $247.43 ,246.381,,,,,,,,,,
27/07/2017,"70,766,568", $247.20 ,246.659,,,,,,,,,,
28/07/2017,"50,088,359", $246.91 ,246.794,,,,,,,,,,
31/07/2017,"65,838,659", $246.77 ,246.918,,,,,,,,,,
01/08/2017,"55,050,401", $247.32 ,247.084,,,,,,,,,,
02/08/2017,"47,211,216", $247.44 ,247.129,,,,,,,,,,
03/08/2017,"40,855,997", $246.96 ,247.115,,,,,,,,,,
04/08/2017,"60,191,838", $247.41 ,247.168,,,,,,,,,,
07/08/2017,"31,995,021", $247.87 ,247.273,,,,,,,,,,
08/08/2017,"61,719,353", $247.26 ,247.257,,,,,,,,,,
09/08/2017,"62,632,619", $247.25 ,247.239,,,,,,,,,,
10/08/2017,"120,479,470", $243.76 ,246.895,,,,,,,,,,
11/08/2017,"74,869,947", $244.12 ,246.616,,,,,,,,,,
14/08/2017,"73,291,919", $246.54 ,246.593,,,,,,,,,,
15/08/2017,"55,242,746", $246.51 ,246.512,,,,,,,,,,
16/08/2017,"56,715,544", $246.94 ,246.462,,,,,,,,,,
17/08/2017,"128,490,396", $243.09 ,246.075,,,,,,,,,,
18/08/2017,"136,747,986", $242.71 ,245.605,,,,,,,,,,
21/08/2017,"65,469,736", $242.90 ,245.108,,,,,,,,,,
22/08/2017,"63,140,101", $245.44 ,244.926,,,,,,,,,,
23/08/2017,"50,203,837", $244.56 ,244.657,,,,,,,,,,
24/08/2017,"50,741,671", $243.99 ,244.68,,,,,,,,,,
25/08/2017,"64,445,912", $244.56 ,244.724,,,,,,,,,,
28/08/2017,"40,565,606", $244.57 ,244.527,,,,,,,,,,
29/08/2017,"51,135,715", $244.85 ,244.361,,,,,,,,,,
30/08/2017,"62,030,805", $246.01 ,244.268,,,,,,,,,,
31/08/2017,"103,803,880", $247.49 ,244.708,,,,,,,,,,
01/09/2017,"62,006,989", $247.84 ,245.221,,,,,,,,,,
05/09/2017,"91,398,777", $246.06 ,245.537,,,,,,,,,,
06/09/2017,"57,916,867", $246.90 ,245.683,,,,,,,,,,
07/09/2017,"58,034,730", $246.87 ,245.914,,,,,,,,,,
08/09/2017,"63,832,825", $246.58 ,246.173,,,,,,,,,,
11/09/2017,"71,364,848", $249.21 ,246.638,,,,,,,,,,
12/09/2017,"56,896,027", $250.05 ,247.186,,,,,,,,,,
13/09/2017,"59,228,002", $250.17 ,247.718,,,,,,,,,,
14/09/2017,"95,446,349", $250.09 ,248.126,,,,,,,,,,
15/09/2017,"95,432,382", $249.19 ,248.296,,,,,,,,,,
18/09/2017,"46,235,238", $249.72 ,248.484,,,,,,,,,,
19/09/2017,"47,108,148", $249.97 ,248.875,,,,,,,,,,
20/09/2017,"59,574,083", $250.06 ,249.191,,,,,,,,,,
21/09/2017,"48,211,398", $249.39 ,249.443,,,,,,,,,,
22/09/2017,"51,214,032", $249.44 ,249.729,,,,,,,,,,
25/09/2017,"57,064,357", $248.93 ,249.701,,,,,,,,,,
26/09/2017,"54,081,959", $249.08 ,249.604,,,,,,,,,,
27/09/2017,"81,001,426", $250.05 ,249.592,,,,,,,,,,
28/09/2017,"44,778,841", $250.35 ,249.618,,,,,,,,,,
29/09/2017,"85,578,002", $251.23 ,249.822,,,,,,,,,,
02/10/2017,"59,022,985", $252.32 ,250.082,,,,,,,,,,
03/10/2017,"66,810,169", $252.86 ,250.371,,,,,,,,,,
04/10/2017,"55,953,619", $253.16 ,250.681,,,,,,,,,,
05/10/2017,"63,522,757", $254.66 ,251.208,,,,,,,,,,
06/10/2017,"80,645,998", $254.37 ,251.701,,,,,,,,,,
09/10/2017,"35,803,138", $253.95 ,252.203,,,,,,,,,,
10/10/2017,"43,057,363", $254.62 ,252.757,,,,,,,,,,
11/10/2017,"47,674,325", $255.02 ,253.254,,,,,,,,,,
12/10/2017,"47,065,144", $254.64 ,253.683,,,,,,,,,,
13/10/2017,"54,800,435", $254.95 ,254.055,,,,,,,,,,
16/10/2017,"38,221,675", $255.29 ,254.352,,,,,,,,,,
17/10/2017,"31,560,964", $255.47 ,254.613,,,,,,,,,,
18/10/2017,"40,888,330", $255.72 ,254.869,,,,,,,,,,
19/10/2017,"61,903,788", $255.79 ,254.982,,,,,,,,,,
20/10/2017,"89,176,377", $257.11 ,255.256,,,,,,,,,,
23/10/2017,"63,915,306", $256.11 ,255.472,,,,,,,,,,
24/10/2017,"66,935,910", $256.56 ,255.666,,,,,,,,,,
25/10/2017,"103,715,291", $255.29 ,255.693,,,,,,,,,,
26/10/2017,"69,797,972", $255.62 ,255.791,,,,,,,,,,
27/10/2017,"85,562,544", $257.71 ,256.067,,,,,,,,,,
30/10/2017,"54,285,687", $256.75 ,256.213,,,,,,,,,,
31/10/2017,"60,304,781", $257.15 ,256.381,,,,,,,,,,
01/11/2017,"54,202,736", $257.49 ,256.558,,,,,,,,,,
02/11/2017,"56,449,535", $257.59 ,256.738,,,,,,,,,,
03/11/2017,"59,589,730", $258.45 ,256.872,,,,,,,,,,
06/11/2017,"49,652,598", $258.85 ,257.146,,,,,,,,,,
07/11/2017,"57,502,161", $258.67 ,257.357,,,,,,,,,,
08/11/2017,"50,469,579", $259.11 ,257.739,,,,,,,,,,
09/11/2017,"95,085,497", $258.17 ,257.994,,,,,,,,,,
10/11/2017,"59,984,662", $258.09 ,258.032,,,,,,,,,,
13/11/2017,"50,228,648", $258.33 ,258.19,,,,,,,,,,
14/11/2017,"61,315,152", $257.73 ,258.248,,,,,,,,,,
15/11/2017,"80,811,525", $256.44 ,258.143,,,,,,,,,,
16/11/2017,"67,777,027", $258.62 ,258.246,,,,,,,,,,
17/11/2017,"75,756,833", $257.86 ,258.187,,,,,,,,,,
20/11/2017,"48,075,514", $258.30 ,258.132,,,,,,,,,,
21/11/2017,"69,176,799", $259.99 ,258.264,,,,,,,,,,
22/11/2017,"45,033,392", $259.76 ,258.329,,,,,,,,,,
24/11/2017,"27,856,514", $260.36 ,258.548,,,,,,,,,,
27/11/2017,"52,274,922", $260.23 ,258.762,,,,,,,,,,
28/11/2017,"98,971,719", $262.87 ,259.216,,,,,,,,,,
29/11/2017,"77,512,102", $262.71 ,259.714,,,,,,,,,,
30/11/2017,"127,894,389", $265.01 ,260.571,,,,,,,,,,
01/12/2017,"164,390,902", $264.46 ,261.155,,,,,,,,,,
04/12/2017,"94,040,560", $264.14 ,261.783,,,,,,,,,,
05/12/2017,"77,994,544", $263.19 ,262.272,,,,,,,,,,
06/12/2017,"75,898,566", $263.24 ,262.597,,,,,,,,,,
07/12/2017,"77,218,569", $264.07 ,263.028,,,,,,,,,,
08/12/2017,"76,563,873", $265.51 ,263.543,,,,,,,,,,
11/12/2017,"83,077,533", $266.31 ,264.151,,,,,,,,,,
12/12/2017,"85,195,750", $266.78 ,264.542,,,,,,,,,,
13/12/2017,"102,905,409", $266.75 ,264.946,,,,,,,,,,
14/12/2017,"100,666,692", $265.66 ,265.011,,,,,,,,,,
15/12/2017,"144,610,290", $266.51 ,265.216,,,,,,,,,,
18/12/2017,"83,653,572", $268.20 ,265.622,,,,,,,,,,
19/12/2017,"82,382,876", $267.17 ,266.02,,,,,,,,,,
20/12/2017,"76,751,500", $267.03 ,266.399,,,,,,,,,,
21/12/2017,"67,032,339", $267.58 ,266.75,,,,,,,,,,
22/12/2017,"78,720,873", $267.51 ,266.95,,,,,,,,,,
26/12/2017,"45,244,433", $267.19 ,267.038,,,,,,,,,,
27/12/2017,"57,750,986", $267.32 ,267.092,,,,,,,,,,
28/12/2017,"45,116,139", $267.87 ,267.204,,,,,,,,,,
29/12/2017,"96,007,424", $266.86 ,267.324,,,,,,,,,,
02/01/2018,"86,655,749", $268.77 ,267.55,,,,,,,,,,
03/01/2018,"90,070,416", $270.47 ,267.777,,,,,,,,,,
04/01/2018,"80,636,408", $271.61 ,268.221,,,,,,,,,,
05/01/2018,"83,523,995", $273.42 ,268.86,,,,,,,,,,
08/01/2018,"57,319,192", $273.92 ,269.494,,,,,,,,,,
09/01/2018,"57,253,957", $274.54 ,270.197,,,,,,,,,,
10/01/2018,"69,574,318", $274.12 ,270.89,,,,,,,,,,
11/01/2018,"62,361,455", $276.12 ,271.77,,,,,,,,,,
12/01/2018,"90,816,076", $277.92 ,272.775,,,,,,,,,,
16/01/2018,"106,555,142", $276.97 ,273.786,,,,,,,,,,
17/01/2018,"113,258,799", $279.61 ,274.87,,,,,,,,,,
18/01/2018,"100,728,006", $279.14 ,275.737,,,,,,,,,,
19/01/2018,"140,920,098", $280.41 ,276.617,,,,,,,,,,
22/01/2018,"91,322,408", $282.69 ,277.544,,,,,,,,,,
23/01/2018,"97,084,700", $283.29 ,278.481,,,,,,,,,,
24/01/2018,"134,816,117", $283.18 ,279.345,,,,,,,,,,
25/01/2018,"84,587,313", $283.30 ,280.263,,,,,,,,,,
26/01/2018,"107,743,119", $286.58 ,281.309,,,,,,,,,,
29/01/2018,"90,118,337", $284.68 ,281.985,,,,,,,,,,
30/01/2018,"131,796,419", $281.76 ,282.464,,,,,,,,,,
31/01/2018,"118,948,131", $281.90 ,282.693,,,,,,,,,,
01/02/2018,"90,102,470", $281.58 ,282.937,,,,,,,,,,
02/02/2018,"173,174,790", $275.45 ,282.441,,,,,,,,,,
05/02/2018,"294,681,816", $263.93 ,280.565,,,,,,,,,,
06/02/2018,"355,026,782", $269.13 ,279.149,,,,,,,,,,
07/02/2018,"167,376,100", $267.67 ,277.598,,,,,,,,,,
08/02/2018,"246,449,505", $257.63 ,275.031,,,,,,,,,,
09/02/2018,"283,565,315", $261.50 ,272.523,,,,,,,,,,
12/02/2018,"143,735,976", $265.34 ,270.589,,,,,,,,,,
13/02/2018,"81,223,640", $266.00 ,269.013,,,,,,,,,,
14/02/2018,"120,735,685", $269.59 ,267.782,,,,,,,,,,
15/02/2018,"111,200,286", $273.03 ,266.927,,,,,,,,,,
16/02/2018,"160,420,135", $273.11 ,266.693,,,,,,,,,,
20/02/2018,"86,369,662", $271.40 ,267.44,,,,,,,,,,
21/02/2018,"98,883,740", $270.05 ,267.532,,,,,,,,,,
22/02/2018,"110,511,290", $270.40 ,267.805,,,,,,,,,,
23/02/2018,"92,766,428", $274.71 ,269.513,,,,,,,,,,
26/02/2018,"86,491,406", $277.90 ,271.153,,,,,,,,,,
27/02/2018,"99,099,165", $274.43 ,272.062,,,,,,,,,,
28/02/2018,"121,907,767", $271.65 ,272.627,,,,,,,,,,
01/03/2018,"176,855,077", $267.70 ,272.438,,,,,,,,,,
02/03/2018,"139,083,217", $269.08 ,272.043,,,,,,,,,,
05/03/2018,"97,307,387", $272.19 ,271.951,,,,,,,,,,
06/03/2018,"79,213,163", $272.88 ,272.099,,,,,,,,,,
07/03/2018,"87,063,502", $272.78 ,272.372,,,,,,,,,,
08/03/2018,"66,901,150", $274.10 ,272.742,,,,,,,,,,
09/03/2018,"113,625,335", $278.87 ,273.158,,,,,,,,,,
12/03/2018,"71,924,793", $278.52 ,273.22,,,,,,,,,,
13/03/2018,"91,968,937", $276.72 ,273.449,,,,,,,,,,
14/03/2018,"105,895,079", $275.30 ,273.814,,,,,,,,,,
15/03/2018,"83,433,038", $275.00 ,274.544,,,,,,,,,,
16/03/2018,"100,343,673", $274.20 ,275.056,,,,,,,,,,
19/03/2018,"109,208,442", $270.49 ,274.886,,,,,,,,,,
20/03/2018,"59,757,271", $270.95 ,274.693,,,,,,,,,,
21/03/2018,"78,709,578", $270.43 ,274.458,,,,,,,,,,
22/03/2018,"148,785,916", $263.67 ,273.415,,,,,,,,,,
23/03/2018,"183,534,751", $258.05 ,271.333,,,,,,,,,,
26/03/2018,"141,956,102", $265.11 ,269.992,,,,,,,,,,
27/03/2018,"129,941,445", $260.60 ,268.38,,,,,,,,,,
28/03/2018,"146,452,306", $259.83 ,266.833,,,,,,,,,,
29/03/2018,"124,244,790", $263.15 ,265.648,,,,,,,,,,
02/04/2018,"186,286,343", $257.47 ,263.975,,,,,,,,,,
03/04/2018,"119,956,861", $260.77 ,263.003,,,,,,,,,,
04/04/2018,"123,715,339", $263.56 ,262.264,,,,,,,,,,
05/04/2018,"82,652,618", $265.64 ,261.785,,,,,,,,,,
06/04/2018,"179,521,209", $259.72 ,261.39,,,,,,,,,,
09/04/2018,"105,442,932", $261.00 ,261.685,,,,,,,,,,
10/04/2018,"105,573,736", $265.15 ,261.689,,,,,,,,,,
11/04/2018,"91,140,243", $263.76 ,262.005,,,,,,,,,,
12/04/2018,"68,890,480", $265.93 ,262.615,,,,,,,,,,
13/04/2018,"85,079,176", $265.15 ,262.815,,,,,,,,,,
16/04/2018,"63,405,287", $267.33 ,263.801,,,,,,,,,,
17/04/2018,"63,222,399", $270.19 ,264.743,,,,,,,,,,
18/04/2018,"57,303,857", $270.39 ,265.426,,,,,,,,,,
19/04/2018,"77,655,909", $268.89 ,265.751,,,,,,,,,,
20/04/2018,"99,953,133", $266.61 ,266.44,,,,,,,,,,
23/04/2018,"65,557,954", $266.57 ,266.997,,,,,,,,,,
24/04/2018,"112,885,452", $262.98 ,266.78,,,,,,,,,,
25/04/2018,"103,840,948", $263.63 ,266.767,,,,,,,,,,
26/04/2018,"67,731,942", $266.31 ,266.805,,,,,,,,,,
27/04/2018,"57,053,647", $266.56 ,266.946,,,,,,,,,,
30/04/2018,"82,182,324", $264.51 ,266.664,,,,,,,,,,
01/05/2018,"74,203,365", $264.98 ,266.143,,,,,,,,,,
02/05/2018,"86,368,943", $263.20 ,265.424,,,,,,,,,,
03/05/2018,"136,311,479", $262.62 ,264.797,,,,,,,,,,
04/05/2018,"91,222,075", $266.02 ,264.738,,,,,,,,,,
07/05/2018,"55,304,907", $266.92 ,264.773,,,,,,,,,,
08/05/2018,"67,499,247", $266.92 ,265.167,,,,,,,,,,
09/05/2018,"59,666,143", $269.50 ,265.754,,,,,,,,,,
10/05/2018,"72,063,931", $272.02 ,266.325,,,,,,,,,,
11/05/2018,"59,871,511", $272.85 ,266.954,,,,,,,,,,
14/05/2018,"54,790,606", $272.98 ,267.801,,,,,,,,,,
15/05/2018,"87,036,136", $271.10 ,268.413,,,,,,,,,,
16/05/2018,"53,942,631", $272.24 ,269.317,,,,,,,,,,
17/05/2018,"56,536,400", $272.01 ,270.256,,,,,,,,,,
18/05/2018,"64,367,959", $271.33 ,270.787,,,,,,,,,,
21/05/2018,"58,025,875", $273.37 ,271.432,,,,,,,,,,
22/05/2018,"52,966,358", $272.61 ,272.001,,,,,,,,,,
23/05/2018,"64,694,184", $273.36 ,272.387,,,,,,,,,,
24/05/2018,"76,043,827", $272.80 ,272.465,,,,,,,,,,
25/05/2018,"56,374,755", $272.15 ,272.395,,,,,,,,,,
29/05/2018,"115,908,607", $269.02 ,271.999,,,,,,,,,,
30/05/2018,"69,678,449", $272.61 ,272.15,,,,,,,,,,
31/05/2018,"93,519,941", $270.94 ,272.02,,,,,,,,,,
01/06/2018,"71,258,411", $273.60 ,272.179,,,,,,,,,,
04/06/2018,"45,385,166", $274.90 ,272.536,,,,,,,,,,
05/06/2018,"51,135,038", $275.10 ,272.709,,,,,,,,,,
06/06/2018,"62,732,215", $277.40 ,273.188,,,,,,,,,,
07/06/2018,"72,969,402", $277.37 ,273.589,,,,,,,,,,
08/06/2018,"72,139,719", $278.19 ,274.128,,,,,,,,,,
11/06/2018,"58,892,515", $278.56 ,274.769,,,,,,,,,,
12/06/2018,"72,329,028", $278.92 ,275.759,,,,,,,,,,
13/06/2018,"79,070,610", $278.03 ,276.301,,,,,,,,,,
14/06/2018,"77,097,620", $278.73 ,277.08,,,,,,,,,,
15/06/2018,"120,041,562", $277.13 ,277.433,,,,,,,,,,
18/06/2018,"52,917,581", $276.56 ,277.599,,,,,,,,,,
19/06/2018,"97,531,510", $275.50 ,277.639,,,,,,,,,,
20/06/2018,"53,785,486", $275.97 ,277.496,,,,,,,,,,
21/06/2018,"71,061,404", $274.24 ,277.183,,,,,,,,,,
22/06/2018,"56,612,003", $274.74 ,276.838,,,,,,,,,,
25/06/2018,"137,854,162", $271.00 ,276.082,,,,,,,,,,
26/06/2018,"68,683,211", $271.60 ,275.35,,,,,,,,,,
27/06/2018,"105,110,674", $269.35 ,274.482,,,,,,,,,,
28/06/2018,"76,650,517", $270.89 ,273.698,,,,,,,,,,
29/06/2018,"97,592,499", $271.28 ,273.113,,,,,,,,,,
02/07/2018,"63,554,774", $271.86 ,272.643,,,,,,,,,,
03/07/2018,"42,187,071", $270.90 ,272.183,,,,,,,,,,
05/07/2018,"56,925,919", $273.11 ,271.897,,,,,,,,,,
06/07/2018,"66,493,696", $275.42 ,272.015,,,,,,,,,,
09/07/2018,"50,550,399", $277.90 ,272.331,,,,,,,,,,
10/07/2018,"51,966,829", $278.90 ,273.121,,,,,,,,,,
11/07/2018,"77,054,739", $276.86 ,273.647,,,,,,,,,,
12/07/2018,"60,124,687", $279.37 ,274.649,,,,,,,,,,
13/07/2018,"48,234,964", $279.59 ,275.519,,,,,,,,,,
16/07/2018,"48,201,038", $279.34 ,276.325,,,,,,,,,,
17/07/2018,"52,315,500", $280.47 ,277.186,,,,,,,,,,
18/07/2018,"44,593,465", $281.06 ,278.202,,,,,,,,,,
19/07/2018,"61,412,117", $280.00 ,278.891,,,,,,,,,,
20/07/2018,"82,372,729", $279.68 ,279.317,,,,,,,,,,
23/07/2018,"47,047,565", $280.20 ,279.547,,,,,,,,,,
24/07/2018,"68,026,935", $281.61 ,279.818,,,,,,,,,,
25/07/2018,"78,882,927", $284.01 ,280.533,,,,,,,,,,
26/07/2018,"57,919,495", $283.34 ,280.93,,,,,,,,,,
27/07/2018,"76,783,177", $281.42 ,281.113,,,,,,,,,,
30/07/2018,"63,742,508", $279.95 ,281.174,,,,,,,,,,
31/07/2018,"68,570,493", $281.33 ,281.26,,,,,,,,,,
01/08/2018,"53,853,326", $280.86 ,281.24,,,,,,,,,,
02/08/2018,"63,426,363", $282.39 ,281.479,,,,,,,,,,
03/08/2018,"53,935,386", $283.60 ,281.871,,,,,,,,,,
06/08/2018,"39,400,887", $284.64 ,282.315,,,,,,,,,,
07/08/2018,"43,196,646", $285.58 ,282.712,,,,,,,,,,
08/08/2018,"42,114,551", $285.46 ,282.857,,,,,,,,,,
09/08/2018,"35,716,976", $285.07 ,283.03,,,,,,,,,,
10/08/2018,"77,076,044", $283.16 ,283.204,,,,,,,,,,
13/08/2018,"65,732,909", $282.10 ,283.419,,,,,,,,,,
14/08/2018,"43,842,031", $283.90 ,283.676,,,,,,,,,,
15/08/2018,"102,925,355", $281.78 ,283.768,,,,,,,,,,
16/08/2018,"69,967,919", $284.06 ,283.935,,,,,,,,,,
17/08/2018,"65,618,481", $285.06 ,284.081,,,,,,,,,,
20/08/2018,"39,807,490", $285.67 ,284.184,,,,,,,,,,
21/08/2018,"67,271,983", $286.34 ,284.26,,,,,,,,,,
22/08/2018,"44,993,333", $286.17 ,284.331,,,,,,,,,,
23/08/2018,"49,204,851", $285.79 ,284.403,,,,,,,,,,
24/08/2018,"55,420,120", $287.51 ,284.838,,,,,,,,,,
27/08/2018,"57,072,377", $289.78 ,285.606,,,,,,,,,,
28/08/2018,"46,943,472", $289.92 ,286.208,,,,,,,,,,
29/08/2018,"61,485,514", $291.48 ,287.178,,,,,,,,,,
30/08/2018,"61,229,501", $290.30 ,287.802,,,,,,,,,,
31/08/2018,"66,140,838", $290.31 ,288.327,,,,,,,,,,
04/09/2018,"57,594,367", $289.81 ,288.741,,,,,,,,,,
05/09/2018,"72,452,437", $289.03 ,289.01,,,,,,,,,,
06/09/2018,"65,909,863", $288.16 ,289.209,,,,,,,,,,
07/09/2018,"73,524,824", $287.60 ,289.39,,,,,,,,,,
10/09/2018,"50,210,903", $288.10 ,289.449,,,,,,,,,,
11/09/2018,"50,530,492", $289.05 ,289.376,,,,,,,,,,
12/09/2018,"59,810,758", $289.12 ,289.296,,,,,,,,,,
13/09/2018,"51,034,222", $290.83 ,289.231,,,,,,,,,,
14/09/2018,"55,079,875", $290.88 ,289.289,,,,,,,,,,
17/09/2018,"68,244,043", $289.34 ,289.192,,,,,,,,,,
18/09/2018,"61,930,407", $290.91 ,289.302,,,,,,,,,,
19/09/2018,"49,080,562", $291.22 ,289.521,,,,,,,,,,
20/09/2018,"100,360,646", $293.58 ,290.063,,,,,,,,,,
21/09/2018,"105,479,656", $291.99 ,290.502,,,,,,,,,,
24/09/2018,"53,409,645", $291.02 ,290.794,,,,,,,,,,
25/09/2018,"44,370,037", $290.75 ,290.964,,,,,,,,,,
26/09/2018,"79,739,674", $289.88 ,291.04,,,,,,,,,,
27/09/2018,"59,249,455", $290.69 ,291.026,,,,,,,,,,
28/09/2018,"70,091,385", $290.72 ,291.01,,,,,,,,,,
01/10/2018,"62,078,937", $291.73 ,291.249,,,,,,,,,,
02/10/2018,"47,258,227", $291.56 ,291.314,,,,,,,,,,
03/10/2018,"64,694,594", $291.72 ,291.364,,,,,,,,,,
04/10/2018,"111,545,910", $289.44 ,290.95,,,,,,,,,,
05/10/2018,"105,951,698", $287.82 ,290.533,,,,,,,,,,
08/10/2018,"87,742,172", $287.82 ,290.213,,,,,,,,,,
09/10/2018,"74,338,982", $287.40 ,289.878,,,,,,,,,,
10/10/2018,"214,731,042", $278.30 ,288.72,,,,,,,,,,
11/10/2018,"274,840,491", $272.17 ,286.868,,,,,,,,,,
12/10/2018,"183,186,492", $275.95 ,285.391,,,,,,,,,,
15/10/2018,"102,263,717", $274.40 ,283.658,,,,,,,,,,
16/10/2018,"118,255,834", $280.40 ,282.542,,,,,,,,,,
17/10/2018,"110,625,987", $280.45 ,281.415,,,,,,,,,,
18/10/2018,"134,557,525", $276.40 ,280.111,,,,,,,,,,
19/10/2018,"139,901,634", $276.25 ,278.954,,,,,,,,,,
22/10/2018,"82,415,812", $275.01 ,277.673,,,,,,,,,,
23/10/2018,"146,352,719", $273.61 ,276.294,,,,,,,,,,
24/10/2018,"177,806,697", $265.32 ,274.996,,,,,,,,,,
25/10/2018,"138,061,545", $270.08 ,274.787,,,,,,,,,,
26/10/2018,"199,611,870", $265.33 ,273.725,,,,,,,,,,
29/10/2018,"160,749,101", $263.86 ,272.671,,,,,,,,,,
30/10/2018,"157,115,995", $267.77 ,271.408,,,,,,,,,,
31/10/2018,"126,476,711", $270.63 ,270.426,,,,,,,,,,
01/11/2018,"99,495,037", $273.51 ,270.137,,,,,,,,,,
02/11/2018,"121,633,141", $271.89 ,269.701,,,,,,,,,,
05/11/2018,"65,622,482", $273.39 ,269.539,,,,,,,,,,
06/11/2018,"60,085,894", $275.12 ,269.69,,,,,,,,,,
07/11/2018,"102,752,099", $281.01 ,271.259,,,,,,,,,,
08/11/2018,"64,473,345", $280.50 ,272.301,,,,,,,,,,
09/11/2018,"98,197,101", $277.76 ,273.544,,,,,,,,,,
12/11/2018,"99,673,574", $272.57 ,274.415,,,,,,,,,,
13/11/2018,"98,176,610", $272.06 ,274.844,,,,,,,,,,
14/11/2018,"125,335,931", $270.20 ,274.801,,,,,,,,,,
15/11/2018,"135,101,437", $273.02 ,274.752,,,,,,,,,,
16/11/2018,"124,837,320", $273.73 ,274.936,,,,,,,,,,
19/11/2018,"103,061,706", $269.10 ,274.507,,,,,,,,,,
20/11/2018,"134,015,565", $264.12 ,273.407,,,,,,,,,,
21/11/2018,"75,563,743", $265.02 ,271.808,,,,,,,,,,
23/11/2018,"42,804,835", $263.25 ,270.083,,,,,,,,,,
26/11/2018,"79,981,362", $267.50 ,269.057,,,,,,,,,,
27/11/2018,"75,502,441", $268.40 ,268.64,,,,,,,,,,
28/11/2018,"127,629,633", $274.58 ,268.892,,,,,,,,,,
29/11/2018,"82,346,420", $273.98 ,269.27,,,,,,,,,,
30/11/2018,"93,896,236", $275.65 ,269.533,,,,,,,,,,
03/12/2018,"103,017,719", $279.30 ,270.09,,,,,,,,,,
04/12/2018,"177,986,013", $270.25 ,270.205,,,,,,,,,,
06/12/2018,"204,185,411", $269.84 ,270.777,,,,,,,,,,
07/12/2018,"161,018,923", $263.57 ,270.632,,,,,,,,,,
10/12/2018,"151,445,885", $264.07 ,270.714,,,,,,,,,,
11/12/2018,"121,504,431", $264.13 ,270.377,,,,,,,,,,
12/12/2018,"97,976,706", $265.46 ,270.083,,,,,,,,,,
13/12/2018,"96,662,717", $265.37 ,269.162,,,,,,,,,,
14/12/2018,"116,961,071", $260.47 ,267.811,,,,,,,,,,
17/12/2018,"165,492,257", $255.36 ,265.782,,,,,,,,,,
18/12/2018,"134,515,094", $255.08 ,263.36,,,,,,,,,,
19/12/2018,"214,992,763", $251.26 ,261.461,,,,,,,,,,
20/12/2018,"252,053,377", $247.17 ,259.194,,,,,,,,,,
21/12/2018,"255,345,633", $240.70 ,256.907,,,,,,,,,,
24/12/2018,"147,311,588", $234.34 ,253.934,,,,,,,,,,
26/12/2018,"218,485,360", $246.18 ,252.139,,,,,,,,,,
27/12/2018,"186,267,342", $248.07 ,250.4,,,,,,,,,,
28/12/2018,"153,100,189", $247.75 ,248.638,,,,,,,,,,
31/12/2018,"139,128,282", $249.92 ,247.583,,,,,,,,,,
02/01/2019,"123,079,182", $250.18 ,247.065,,,,,,,,,,
03/01/2019,"140,130,132", $244.21 ,245.978,,,,,,,,,,
04/01/2019,"142,628,834", $252.39 ,246.091,,,,,,,,,,
07/01/2019,"101,900,156", $254.38 ,246.812,,,,,,,,,,
08/01/2019,"101,040,231", $256.77 ,248.419,,,,,,,,,,
09/01/2019,"95,006,554", $257.97 ,250.782,,,,,,,,,,
10/01/2019,"96,503,594", $258.88 ,252.052,,,,,,,,,,
11/01/2019,"73,858,110", $258.98 ,253.143,,,,,,,,,,
14/01/2019,"69,505,747", $257.40 ,254.108,,,,,,,,,,
15/01/2019,"85,208,271", $260.35 ,255.151,,,,,,,,,,
16/01/2019,"77,636,710", $260.98 ,256.231,,,,,,,,,,
17/01/2019,"93,355,885", $262.96 ,258.106,,,,,,,,,,
18/01/2019,"127,900,303", $266.46 ,259.513,,,,,,,,,,
22/01/2019,"114,699,224", $262.86 ,260.361,,,,,,,,,,
23/01/2019,"84,009,972", $263.41 ,261.025,,,,,,,,,,
24/01/2019,"58,224,599", $263.55 ,261.583,,,,,,,,,,
25/01/2019,"96,883,358", $265.78 ,262.273,,,,,,,,,,
28/01/2019,"85,613,655", $263.76 ,262.751,,,,,,,,,,
29/01/2019,"66,136,334", $263.41 ,263.352,,,,,,,,,,
30/01/2019,"92,473,671", $267.58 ,264.075,,,,,,,,,,
31/01/2019,"102,516,458", $269.93 ,264.97,,,,,,,,,,
01/02/2019,"85,782,524", $270.06 ,265.68,,,,,,,,,,
04/02/2019,"60,041,011", $271.96 ,266.23,,,,,,,,,,
05/02/2019,"78,427,451", $273.10 ,267.254,,,,,,,,,,
06/02/2019,"58,347,791", $272.74 ,268.187,,,,,,,,,,
07/02/2019,"94,579,572", $270.14 ,268.846,,,,,,,,,,
08/02/2019,"75,788,861", $270.47 ,269.315,,,,,,,,,,
11/02/2019,"68,168,388", $270.62 ,270.001,,,,,,,,,,
12/02/2019,"71,825,161", $274.10 ,271.07,,,,,,,,,,
13/02/2019,"65,277,204", $274.99 ,271.811,,,,,,,,,,
14/02/2019,"83,234,396", $274.38 ,272.256,,,,,,,,,,
15/02/2019,"97,088,659", $277.37 ,272.987,,,,,,,,,,
19/02/2019,"59,120,804", $277.85 ,273.576,,,,,,,,,,
20/02/2019,"76,610,767", $278.41 ,274.107,,,,,,,,,,
21/02/2019,"64,214,727", $277.42 ,274.575,,,,,,,,,,
22/02/2019,"78,114,616", $279.14 ,275.475,,,,,,,,,,
25/02/2019,"69,030,699", $279.52 ,276.38,,,,,,,,,,
26/02/2019,"56,844,101", $279.32 ,277.25,,,,,,,,,,
27/02/2019,"56,921,570", $279.20 ,277.76,,,,,,,,,,
28/02/2019,"69,268,293", $278.68 ,278.129,,,,,,,,,,
01/03/2019,"78,880,548", $280.42 ,278.733,,,,,,,,,,
04/03/2019,"106,494,637", $279.40 ,278.936,,,,,,,,,,
05/03/2019,"59,114,559", $279.02 ,279.053,,,,,,,,,,
06/03/2019,"75,039,771", $277.33 ,278.945,,,,,,,,,,
07/03/2019,"94,885,089", $275.01 ,278.704,,,,,,,,,,
08/03/2019,"85,795,799", $274.46 ,278.236,,,,,,,,,,
11/03/2019,"65,098,897", $278.44 ,278.128,,,,,,,,,,
12/03/2019,"79,667,530", $279.49 ,278.145,,,,,,,,,,
13/03/2019,"80,639,153", $281.34 ,278.359,,,,,,,,,,
14/03/2019,"67,518,366", $281.16 ,278.607,,,,,,,,,,
15/03/2019,"81,308,979", $281.31 ,278.696,,,,,,,,,,
18/03/2019,"62,199,806", $282.33 ,278.989,,,,,,,,,,
19/03/2019,"90,268,121", $282.40 ,279.327,,,,,,,,,,
20/03/2019,"84,609,210", $281.55 ,279.749,,,,,,,,,,
21/03/2019,"79,550,375", $284.73 ,280.721,,,,,,,,,,
22/03/2019,"122,659,286", $279.25 ,281.2,,,,,,,,,,
25/03/2019,"85,575,197", $279.04 ,281.26,,,,,,,,,,
26/03/2019,"68,125,920", $281.12 ,281.423,,,,,,,,,,
27/03/2019,"72,224,722", $279.65 ,281.254,,,,,,,,,,
28/03/2019,"56,238,545", $280.71 ,281.209,,,,,,,,,,
29/03/2019,"82,186,806", $282.48 ,281.326,,,,,,,,,,
01/04/2019,"77,617,945", $285.83 ,281.676,,,,,,,,,,
02/04/2019,"40,070,351", $285.97 ,282.033,,,,,,,,,,
03/04/2019,"68,243,202", $286.42 ,282.52,,,,,,,,,,
04/04/2019,"48,997,505", $287.18 ,282.765,,,,,,,,,,
05/04/2019,"58,621,729", $288.57 ,283.697,,,,,,,,,,
08/04/2019,"53,566,335", $288.79 ,284.672,,,,,,,,,,
09/04/2019,"66,142,316", $287.31 ,285.291,,,,,,,,,,
10/04/2019,"52,601,499", $288.29 ,286.155,,,,,,,,,,
11/04/2019,"55,093,100", $288.21 ,286.905,,,,,,,,,,
12/04/2019,"69,727,782", $290.16 ,287.673,,,,,,,,,,
15/04/2019,"49,596,685", $289.97 ,288.087,,,,,,,,,,
16/04/2019,"52,153,197", $290.16 ,288.506,,,,,,,,,,
17/04/2019,"58,268,295", $289.45 ,288.809,,,,,,,,,,
18/04/2019,"68,708,513", $290.02 ,289.093,,,,,,,,,,
22/04/2019,"40,160,140", $290.27 ,289.263,,,,,,,,,,
23/04/2019,"52,246,633", $292.88 ,289.672,,,,,,,,,,
24/04/2019,"50,392,914", $292.23 ,290.164,,,,,,,,,,
25/04/2019,"57,770,862", $292.05 ,290.54,,,,,,,,,,
26/04/2019,"50,916,423", $293.41 ,291.06,,,,,,,,,,
29/04/2019,"57,197,747", $293.87 ,291.431,,,,,,,,,,
30/04/2019,"81,111,733", $294.02 ,291.836,,,,,,,,,,
01/05/2019,"71,671,870", $291.81 ,292.001,,,,,,,,,,
02/05/2019,"65,030,170", $291.18 ,292.174,,,,,,,,,,
03/05/2019,"56,543,653", $294.03 ,292.575,,,,,,,,,,
06/05/2019,"107,198,069", $292.82 ,292.83,,,,,,,,,,
07/05/2019,"141,142,677", $287.93 ,292.335,,,,,,,,,,
08/05/2019,"90,469,795", $287.53 ,291.865,,,,,,,,,,
09/05/2019,"102,135,704", $286.66 ,291.326,,,,,,,,,,
10/05/2019,"111,725,082", $288.10 ,290.795,,,,,,,,,,
13/05/2019,"126,167,156", $280.86 ,289.494,,,,,,,,,,
14/05/2019,"76,465,473", $283.40 ,288.432,,,,,,,,,,
15/05/2019,"72,717,022", $285.06 ,287.757,,,,,,,,,,
16/05/2019,"76,749,643", $287.70 ,287.409,,,,,,,,,,
17/05/2019,"100,353,024", $285.84 ,286.59,,,,,,,,,,
20/05/2019,"62,877,610", $283.95 ,285.703,,,,,,,,,,
21/05/2019,"46,847,085", $286.51 ,285.561,,,,,,,,,,
22/05/2019,"49,482,472", $285.63 ,285.371,,,,,,,,,,
23/05/2019,"98,733,847", $282.14 ,284.919,,,,,,,,,,
24/05/2019,"55,268,095", $282.78 ,284.387,,,,,,,,,,
28/05/2019,"70,029,356", $280.15 ,284.316,,,,,,,,,,
29/05/2019,"104,972,927", $278.27 ,283.803,,,,,,,,,,
30/05/2019,"62,523,780", $279.03 ,283.2,,,,,,,,,,
31/05/2019,"86,862,782", $275.27 ,281.957,,,,,,,,,,
03/06/2019,"96,427,952", $274.57 ,280.83,,,,,,,,,,
04/06/2019,"77,231,889", $280.53 ,280.488,,,,,,,,,,
05/06/2019,"71,169,717", $282.96 ,280.133,,,,,,,,,,
06/06/2019,"69,430,381", $284.80 ,280.05,,,,,,,,,,
07/06/2019,"74,272,199", $287.65 ,280.601,,,,,,,,,,
10/06/2019,"60,799,053", $288.97 ,281.22,,,,,,,,,,
11/06/2019,"58,641,325", $288.90 ,282.095,,,,,,,,,,
12/06/2019,"47,096,312", $288.39 ,283.107,,,,,,,,,,
13/06/2019,"48,945,156", $289.58 ,284.162,,,,,,,,,,
14/06/2019,"52,324,716", $289.26 ,285.561,,,,,,,,,,
17/06/2019,"39,205,709", $289.37 ,287.041,,,,,,,,,,
18/06/2019,"85,434,823", $292.40 ,288.228,,,,,,,,,,
19/06/2019,"78,674,377", $293.06 ,289.238,,,,,,,,,,
20/06/2019,"116,570,017", $295.86 ,290.344,,,,,,,,,,
21/06/2019,"83,309,466", $294.00 ,290.979,,,,,,,,,,
24/06/2019,"47,582,730", $293.64 ,291.446,,,,,,,,,,
25/06/2019,"82,028,656", $290.76 ,291.632,,,,,,,,,,
26/06/2019,"51,584,902", $290.47 ,291.84,,,,,,,,,,
27/06/2019,"40,355,239", $291.50 ,292.032,,,,,,,,,,
28/06/2019,"59,350,929", $293.00 ,292.406,,,,,,,,,,
01/07/2019,"79,107,474", $295.66 ,293.035,,,,,,,,,,
02/07/2019,"61,504,544", $296.43 ,293.438,,,,,,,,,,
03/07/2019,"40,898,896", $298.80 ,294.012,,,,,,,,,,
05/07/2019,"51,677,326", $298.46 ,294.272,,,,,,,,,,
08/07/2019,"45,841,772", $296.82 ,294.554,,,,,,,,,,
09/07/2019,"41,101,279", $297.19 ,294.909,,,,,,,,,,
10/07/2019,"58,595,558", $298.61 ,295.694,,,,,,,,,,
11/07/2019,"50,889,481", $299.31 ,296.578,,,,,,,,,,
12/07/2019,"40,354,410", $300.65 ,297.493,,,,,,,,,,
15/07/2019,"33,910,261", $300.75 ,298.268,,,,,,,,,,
16/07/2019,"40,567,964", $299.71 ,298.673,,,,,,,,,,
17/07/2019,"44,102,443", $297.74 ,298.804,,,,,,,,,,
18/07/2019,"51,701,687", $298.83 ,298.807,,,,,,,,,,
19/07/2019,"71,081,238", $297.17 ,298.678,,,,,,,,,,
22/07/2019,"43,687,404", $297.90 ,298.786,,,,,,,,,,
23/07/2019,"44,657,973", $300.03 ,299.07,,,,,,,,,,
24/07/2019,"47,213,232", $301.44 ,299.353,,,,,,,,,,
25/07/2019,"55,394,092", $300.00 ,299.422,,,,,,,,,,
26/07/2019,"45,084,077", $302.01 ,299.558,,,,,,,,,,
29/07/2019,"38,126,462", $301.46 ,299.629,,,,,,,,,,
30/07/2019,"45,849,045", $300.72 ,299.73,,,,,,,,,,
31/07/2019,"104,245,162", $297.43 ,299.699,,,,,,,,,,
01/08/2019,"142,646,576", $294.84 ,299.3,,,,,,,,,,
02/08/2019,"116,749,695", $292.62 ,298.845,,,,,,,,,,
05/08/2019,"178,745,449", $283.82 ,297.437,,,,,,,,,,
06/08/2019,"120,711,682", $287.80 ,296.214,,,,,,,,,,
07/08/2019,"140,572,265", $287.97 ,294.867,,,,,,,,,,
08/08/2019,"87,713,904", $293.62 ,294.229,,,,,,,,,,
09/08/2019,"93,729,958", $291.62 ,293.19,,,,,,,,,,
12/08/2019,"65,527,632", $288.07 ,291.851,,,,,,,,,,
13/08/2019,"94,792,972", $292.55 ,291.034,,,,,,,,,,
14/08/2019,"135,622,053", $283.90 ,289.681,,,,,,,,,,
15/08/2019,"101,929,845", $284.65 ,288.662,,,,,,,,,,
16/08/2019,"85,825,286", $288.85 ,288.285,,,,,,,,,,
19/08/2019,"53,640,153", $292.33 ,289.136,,,,,,,,,,
20/08/2019,"51,652,752", $290.09 ,289.365,,,,,,,,,,
21/08/2019,"49,723,430", $292.45 ,289.813,,,,,,,,,,
22/08/2019,"51,739,292", $292.36 ,289.687,,,,,,,,,,
23/08/2019,"149,318,151", $284.85 ,289.01,,,,,,,,,,
26/08/2019,"72,620,598", $288.00 ,289.003,,,,,,,,,,
27/08/2019,"68,262,998", $286.87 ,288.435,,,,,,,,,,
28/08/2019,"59,852,324", $288.89 ,288.934,,,,,,,,,,
29/08/2019,"57,998,913", $292.58 ,289.727,,,,,,,,,,
30/08/2019,"62,961,780", $292.45 ,290.087,,,,,,,,,,
03/09/2019,"69,231,875", $290.74 ,289.928,,,,,,,,,,
04/09/2019,"47,003,957", $294.04 ,290.323,,,,,,,,,,
05/09/2019,"83,356,779", $297.82 ,290.86,,,,,,,,,,
06/09/2019,"49,584,290", $298.05 ,291.429,,,,,,,,,,
09/09/2019,"51,260,290", $298.20 ,292.764,,,,,,,,,,
10/09/2019,"57,947,101", $298.13 ,293.777,,,,,,,,,,
11/09/2019,"68,821,066", $300.25 ,295.115,,,,,,,,,,
12/09/2019,"72,908,745", $301.29 ,296.355,,,,,,,,,,
13/09/2019,"62,104,838", $301.09 ,297.206,,,,,,,,,,
16/09/2019,"58,191,175", $300.16 ,297.977,,,,,,,,,,
17/09/2019,"42,904,427", $300.92 ,298.995,,,,,,,,,,
18/09/2019,"74,192,091", $301.10 ,299.701,,,,,,,,,,
19/09/2019,"78,099,215", $301.08 ,300.027,,,,,,,,,,
20/09/2019,"97,455,979", $298.28 ,300.05,,,,,,,,,,
23/09/2019,"47,541,321", $298.21 ,300.051,,,,,,,,,,
24/09/2019,"97,367,568", $295.87 ,299.825,,,,,,,,,,
25/09/2019,"73,434,081", $297.62 ,299.562,,,,,,,,,,
26/09/2019,"58,722,357", $297.00 ,299.133,,,,,,,,,,
27/09/2019,"84,781,110", $295.40 ,298.564,,,,,,,,,,
30/09/2019,"52,562,761", $296.77 ,298.225,,,,,,,,,,
01/10/2019,"89,900,420", $293.24 ,297.457,,,,,,,,,,
02/10/2019,"124,523,974", $288.06 ,296.153,,,,,,,,,,
03/10/2019,"85,906,799", $290.42 ,295.087,,,,,,,,,,
04/10/2019,"66,700,681", $294.35 ,294.694,,,,,,,,,,
07/10/2019,"60,656,561", $293.08 ,294.181,,,,,,,,,,
08/10/2019,"101,575,470", $288.53 ,293.447,,,,,,,,,,
09/10/2019,"65,707,329", $291.27 ,292.812,,,,,,,,,,
10/10/2019,"57,255,974", $293.24 ,292.436,,,,,,,,,,
11/10/2019,"98,738,429", $296.28 ,292.524,,,,,,,,,,
14/10/2019,"40,546,668", $295.95 ,292.442,,,,,,,,,,
15/10/2019,"47,832,356", $298.88 ,293.006,,,,,,,,,,
16/10/2019,"48,953,417", $298.40 ,294.04,,,,,,,,,,
17/10/2019,"45,784,235", $299.28 ,294.926,,,,,,,,,,
18/10/2019,"61,882,183", $297.97 ,295.288,,,,,,,,,,
21/10/2019,"39,460,901", $299.99 ,295.979,,,,,,,,,,
22/10/2019,"49,126,038", $299.01 ,297.027,,,,,,,,,,
23/10/2019,"34,991,829", $299.88 ,297.888,,,,,,,,,,
24/10/2019,"35,857,459", $300.37 ,298.601,,,,,,,,,,
25/10/2019,"45,205,412", $301.60 ,299.133,,,,,,,,,,
28/10/2019,"42,146,965", $303.30 ,299.868,,,,,,,,,,
29/10/2019,"44,284,921", $303.21 ,300.301,,,,,,,,,,
30/10/2019,"49,643,928", $304.14 ,300.875,,,,,,,,,,
31/10/2019,"69,053,791", $303.33 ,301.28,,,,,,,,,,
01/11/2019,"71,141,515", $306.14 ,302.097,,,,,,,,,,
04/11/2019,"60,606,916", $307.37 ,302.835,,,,,,,,,,
05/11/2019,"42,933,219", $307.03 ,303.637,,,,,,,,,,
06/11/2019,"46,487,108", $307.10 ,304.359,,,,,,,,,,
07/11/2019,"54,272,274", $308.18 ,305.14,,,,,,,,,,
08/11/2019,"48,048,940", $308.94 ,305.874,,,,,,,,,,
11/11/2019,"35,934,909", $308.35 ,306.379,,,,,,,,,,
12/11/2019,"46,484,624", $309.00 ,306.958,,,,,,,,,,
13/11/2019,"54,459,018", $309.10 ,307.454,,,,,,,,,,
14/11/2019,"52,001,874", $309.55 ,308.076,,,,,,,,,,
15/11/2019,"62,706,192", $311.79 ,308.641,,,,,,,,,,
18/11/2019,"49,327,980", $312.02 ,309.106,,,,,,,,,,
19/11/2019,"67,927,818", $311.93 ,309.596,,,,,,,,,,
20/11/2019,"79,696,276", $310.77 ,309.963,,,,,,,,,,
21/11/2019,"54,664,690", $310.27 ,310.172,,,,,,,,,,
22/11/2019,"44,850,228", $310.96 ,310.374,,,,,,,,,,
25/11/2019,"48,762,676", $313.37 ,310.876,,,,,,,,,,
26/11/2019,"37,727,953", $314.08 ,311.384,,,,,,,,,,
27/11/2019,"43,241,982", $315.48 ,312.022,,,,,,,,,,
29/11/2019,"36,581,666", $314.31 ,312.498,,,,,,,,,,
02/12/2019,"75,163,063", $311.64 ,312.483,,,,,,,,,,
03/12/2019,"73,945,342", $309.55 ,312.236,,,,,,,,,,
04/12/2019,"49,190,402", $311.46 ,312.189,,,,,,,,,,
05/12/2019,"40,243,678", $312.02 ,312.314,,,,,,,,,,
06/12/2019,"47,602,792", $314.87 ,312.774,,,,,,,,,,
09/12/2019,"34,360,039", $313.88 ,313.066,,,,,,,,,,
10/12/2019,"51,955,635", $313.53 ,313.082,,,,,,,,,,
11/12/2019,"52,731,954", $314.42 ,313.116,,,,,,,,,,
12/12/2019,"94,800,898", $317.13 ,313.281,,,,,,,,,,
13/12/2019,"78,646,276", $317.32 ,313.582,,,,,,,,,,
16/12/2019,"78,236,975", $319.50 ,314.368,,,,,,,,,,
17/12/2019,"61,131,769", $319.57 ,315.37,,,,,,,,,,
18/12/2019,"48,199,955", $319.59 ,316.183,,,,,,,,,,
19/12/2019,"85,388,424", $320.90 ,317.071,,,,,,,,,,
20/12/2019,"142,756,849", $320.73 ,317.657,,,,,,,,,,
23/12/2019,"53,015,641", $321.22 ,318.391,,,,,,,,,,
24/12/2019,"20,270,007", $321.23 ,319.161,,,,,,,,,,
26/12/2019,"31,024,188", $322.94 ,320.013,,,,,,,,,,
27/12/2019,"42,554,820", $322.86 ,320.586,,,,,,,,,,
30/12/2019,"49,782,730", $321.08 ,320.962,,,,,,,,,,
31/12/2019,"56,496,897", $321.86 ,321.198,,,,,,,,,,
02/01/2020,"59,253,833", $324.87 ,321.728,,,,,,,,,,
03/01/2020,"75,197,487", $322.41 ,322.01,,,,,,,,,,
06/01/2020,"55,761,948", $323.64 ,322.284,,,,,,,,,,
07/01/2020,"42,854,811", $322.73 ,322.484,,,,,,,,,,
08/01/2020,"68,434,153", $324.45 ,322.807,,,,,,,,,,
09/01/2020,"48,569,601", $326.65 ,323.349,,,,,,,,,,
10/01/2020,"52,814,295", $325.71 ,323.626,,,,,,,,,,
13/01/2020,"47,262,010", $327.95 ,324.135,,,,,,,,,,
14/01/2020,"63,036,384", $327.45 ,324.772,,,,,,,,,,
15/01/2020,"68,540,190", $328.19 ,325.405,,,,,,,,,,
16/01/2020,"54,050,328", $330.92 ,326.01,,,,,,,,,,
17/01/2020,"92,102,360", $331.95 ,326.964,,,,,,,,,,
21/01/2020,"77,742,415", $331.30 ,327.73,,,,,,,,,,
22/01/2020,"48,914,899", $331.34 ,328.591,,,,,,,,,,
23/01/2020,"51,962,994", $331.72 ,329.318,,,,,,,,,,
24/01/2020,"86,922,256", $328.77 ,329.53,,,,,,,,,,
27/01/2020,"84,062,463", $323.50 ,329.309,,,,,,,,,,
28/01/2020,"62,779,967", $326.89 ,329.203,,,,,,,,,,
29/01/2020,"52,758,613", $326.62 ,329.12,,,,,,,,,,
30/01/2020,"74,631,543", $327.68 ,329.069,,,,,,,,,,
31/01/2020,"112,388,974", $321.73 ,328.15,,,,,,,,,,
03/02/2020,"69,242,293", $324.12 ,327.367,,,,,,,,,,
04/02/2020,"62,573,190", $329.06 ,327.143,,,,,,,,,,
05/02/2020,"65,951,146", $332.86 ,327.295,,,,,,,,,,
06/02/2020,"50,359,688", $333.98 ,327.521,,,,,,,,,,
07/02/2020,"61,538,458", $332.20 ,327.864,,,,,,,,,,
10/02/2020,"41,566,366", $334.68 ,328.982,,,,,,,,,,
11/02/2020,"54,864,533", $335.26 ,329.819,,,,,,,,,,
12/02/2020,"43,992,662", $337.42 ,330.899,,,,,,,,,,
13/02/2020,"54,501,922", $337.06 ,331.837,,,,,,,,,,
14/02/2020,"63,835,396", $337.60 ,333.424,,,,,,,,,,
18/02/2020,"57,342,526", $336.73 ,334.685,,,,,,,,,,
19/02/2020,"44,815,785", $338.34 ,335.613,,,,,,,,,,
20/02/2020,"74,163,362", $336.95 ,336.022,,,,,,,,,,
21/02/2020,"111,878,433", $333.48 ,335.972,,,,,,,,,,
24/02/2020,"161,088,409", $322.42 ,334.994,,,,,,,,,,
25/02/2020,"218,913,168", $312.65 ,332.791,,,,,,,,,,
26/02/2020,"194,773,819", $311.50 ,330.415,,,,,,,,,,
27/02/2020,"284,353,459", $297.51 ,326.424,,,,,,,,,,
28/02/2020,"378,481,591", $296.26 ,322.344,,,,,,,,,,
02/03/2020,"238,703,625", $309.09 ,319.493,,,,,,,,,,
03/03/2020,"300,139,149", $300.24 ,315.844,,,,,,,,,,
04/03/2020,"176,613,448", $312.86 ,313.296,,,,,,,,,,
05/03/2020,"186,366,809", $302.46 ,309.847,,,,,,,,,,
06/03/2020,"226,424,446", $297.46 ,306.245,,,,,,,,,,
09/03/2020,"309,417,349", $274.23 ,301.426,,,,,,,,,,
10/03/2020,"276,444,058", $288.42 ,299.003,,,,,,,,,,
11/03/2020,"256,416,563", $274.36 ,295.289,,,,,,,,,,
12/03/2020,"392,220,669", $248.11 ,290.349,,,,,,,,,,
13/03/2020,"321,273,434", $269.32 ,287.655,,,,,,,,,,
16/03/2020,"297,240,027", $239.85 ,280.731,,,,,,,,,,
17/03/2020,"262,070,471", $252.80 ,275.987,,,,,,,,,,
18/03/2020,"327,597,131", $240.00 ,268.701,,,,,,,,,,
19/03/2020,"289,322,037", $240.51 ,262.506,,,,,,,,,,
20/03/2020,"335,785,497", $228.80 ,255.64,,,,,,,,,,
23/03/2020,"326,025,169", $222.95 ,250.512,,,,,,,,,,
24/03/2020,"235,494,475", $243.15 ,245.985,,,,,,,,,,
25/03/2020,"299,430,255", $246.79 ,243.228,,,,,,,,,,
26/03/2020,"257,632,816", $261.20 ,244.537,,,,,,,,,,
27/03/2020,"224,341,217", $253.42 ,242.947,,,,,,,,,,
30/03/2020,"168,053,019", $261.65 ,245.127,,,,,,,,,,
31/03/2020,"194,881,060", $257.75 ,245.622,,,,,,,,,,
01/04/2020,"189,554,623", $246.15 ,246.237,,,,,,,,,,
02/04/2020,"173,277,259", $251.83 ,247.369,,,,,,,,,,
03/04/2020,"133,357,318", $248.19 ,249.308,,,,,,,,,,
06/04/2020,"184,518,035", $264.86 ,253.499,,,,,,,,,,
07/04/2020,"201,427,189", $265.13 ,255.697,,,,,,,,,,
08/04/2020,"151,686,187", $274.03 ,258.421,,,,,,,,,,
09/04/2020,"190,282,705", $278.20 ,260.121,,,,,,,,,,
13/04/2020,"114,839,053", $275.66 ,262.345,,,,,,,,,,
14/04/2020,"134,143,350", $283.79 ,264.559,,,,,,,,,,
15/04/2020,"121,775,006", $277.76 ,266.56,,,,,,,,,,
16/04/2020,"131,798,325", $279.10 ,269.855,,,,,,,,,,
17/04/2020,"144,151,378", $286.64 ,273.336,,,,,,,,,,
20/04/2020,"98,185,368", $281.59 ,276.676,,,,,,,,,,
21/04/2020,"124,966,535", $273.04 ,277.494,,,,,,,,,,
22/04/2020,"93,524,584", $279.10 ,278.891,,,,,,,,,,
23/04/2020,"103,183,594", $279.08 ,279.396,,,,,,,,,,
24/04/2020,"84,234,295", $282.97 ,279.873,,,,,,,,,,
27/04/2020,"77,896,608", $287.05 ,281.012,,,,,,,,,,
28/04/2020,"105,269,985", $285.73 ,281.206,,,,,,,,,,
29/04/2020,"116,462,837", $293.21 ,282.751,,,,,,,,,,
30/04/2020,"117,338,841", $290.48 ,283.889,,,,,,,,,,
01/05/2020,"125,180,028", $282.79 ,283.504,,,,,,,,,,
04/05/2020,"80,873,213", $283.57 ,283.702,,,,,,,,,,
05/05/2020,"79,569,938", $286.19 ,285.017,,,,,,,,,,
06/05/2020,"72,695,613", $284.25 ,285.532,,,,,,,,,,
07/05/2020,"75,250,412", $287.68 ,286.392,,,,,,,,,,
08/05/2020,"75,505,043", $292.44 ,287.339,,,,,,,,,,
11/05/2020,"76,736,733", $292.50 ,287.884,,,,,,,,,,
12/05/2020,"95,870,786", $286.67 ,287.978,,,,,,,,,,
13/05/2020,"144,721,099", $281.60 ,286.817,,,,,,,,,,
14/05/2020,"121,977,890", $284.97 ,286.266,,,,,,,,,,
15/05/2020,"105,703,283", $286.28 ,286.615,,,,,,,,,,
18/05/2020,"117,324,103", $295.00 ,287.758,,,,,,,,,,
19/05/2020,"95,189,316", $291.97 ,288.336,,,,,,,,,,
20/05/2020,"85,861,691", $296.93 ,289.604,,,,,,,,,,
21/05/2020,"78,293,925", $294.88 ,290.324,,,,,,,,,,
22/05/2020,"62,458,310", $295.44 ,290.624,,,,,,,,,,
26/05/2020,"88,073,493", $299.08 ,291.282,,,,,,,,,,
27/05/2020,"103,390,679", $303.53 ,292.968,,,,,,,,,,
28/05/2020,"88,552,351", $302.97 ,295.105,,,,,,,,,,
29/05/2020,"117,581,262", $304.32 ,297.04,,,,,,,,,,
01/06/2020,"56,779,836", $305.55 ,298.967,,,,,,,,,,
02/06/2020,"74,267,162", $308.08 ,300.275,,,,,,,,,,
03/06/2020,"90,630,324", $312.18 ,302.296,,,,,,,,,,
04/06/2020,"75,014,444", $311.36 ,303.739,,,,,,,,,,
05/06/2020,"149,867,415", $319.34 ,306.185,,,,,,,,,,
08/06/2020,"72,703,526", $323.20 ,308.961,,,,,,,,,,
09/06/2020,"76,645,992", $320.79 ,311.132,,,,,,,,,,
10/06/2020,"93,319,538", $319.00 ,312.679,,,,,,,,,,
11/06/2020,"206,735,660", $300.61 ,312.443,,,,,,,,,,
12/06/2020,"192,744,964", $304.21 ,312.432,,,,,,,,,,
15/06/2020,"133,586,814", $307.05 ,312.582,,,,,,,,,,
16/06/2020,"136,223,614", $312.96 ,313.07,,,,,,,,,,
17/06/2020,"81,693,952", $311.66 ,313.018,,,,,,,,,,
18/06/2020,"76,186,096", $311.78 ,313.06,,,,,,,,,,
19/06/2020,"126,121,914", $308.64 ,311.99,,,,,,,,,,
22/06/2020,"72,883,158", $310.62 ,310.732,,,,,,,,,,
23/06/2020,"67,707,723", $312.05 ,309.858,,,,,,,,,,
24/06/2020,"129,317,686", $304.09 ,308.367,,,,,,,,,,
25/06/2020,"88,258,569", $307.35 ,309.041,,,,,,,,,,
26/06/2020,"127,197,373", $300.05 ,308.625,,,,,,,,,,
29/06/2020,"79,003,924", $304.46 ,308.366,,,,,,,,,,
30/06/2020,"113,394,772", $308.36 ,307.906,,,,,,,,,,
01/07/2020,"72,396,542", $310.52 ,307.792,,,,,,,,,,
02/07/2020,"68,377,238", $312.23 ,307.837,,,,,,,,,,
06/07/2020,"60,617,606", $317.05 ,308.678,,,,,,,,,,
07/07/2020,"82,909,963", $313.78 ,308.994,,,,,,,,,,
08/07/2020,"53,856,770", $316.18 ,309.407,,,,,,,,,,
09/07/2020,"83,354,158", $314.38 ,310.436,,,,,,,,,,
10/07/2020,"56,651,290", $317.59 ,311.46,,,,,,,,,,
13/07/2020,"101,590,824", $314.84 ,312.939,,,,,,,,,,
14/07/2020,"91,205,490", $318.92 ,314.385,,,,,,,,,,
15/07/2020,"83,385,464", $321.85 ,315.734,,,,,,,,,,
16/07/2020,"53,974,434", $320.79 ,316.761,,,,,,,,,,
17/07/2020,"61,136,347", $321.72 ,317.71,,,,,,,,,,
20/07/2020,"55,842,672", $324.32 ,318.437,,,,,,,,,,
21/07/2020,"56,880,360", $325.01 ,319.56,,,,,,,,,,
22/07/2020,"57,329,150", $326.86 ,320.628,,,,,,,,,,
23/07/2020,"75,285,546", $322.96 ,321.486,,,,,,,,,,
24/07/2020,"68,692,211", $320.88 ,321.815,,,,,,,,,,
27/07/2020,"47,870,031", $323.22 ,322.653,,,,,,,,,,
28/07/2020,"57,494,979", $321.17 ,322.878,,,,,,,,,,
29/07/2020,"48,454,159", $325.12 ,323.205,,,,,,,,,,
30/07/2020,"60,600,258", $323.96 ,323.522,,,,,,,,,,
31/07/2020,"83,325,731", $326.52 ,324.002,,,,,,,,,,
03/08/2020,"51,516,103", $328.79 ,324.449,,,,,,,,,,
04/08/2020,"41,329,901", $330.06 ,324.954,,,,,,,,,,
05/08/2020,"41,702,908", $332.11 ,325.479,,,,,,,,,,
06/08/2020,"43,280,336", $334.33 ,326.616,,,,,,,,,,
07/08/2020,"56,852,793", $334.57 ,327.985,,,,,,,,,,
10/08/2020,"43,062,060", $335.57 ,329.22,,,,,,,,,,
11/08/2020,"68,808,338", $332.80 ,330.383,,,,,,,,,,
12/08/2020,"53,350,794", $337.44 ,331.615,,,,,,,,,,
13/08/2020,"41,337,904", $336.83 ,332.902,,,,,,,,,,
14/08/2020,"46,477,667", $336.84 ,333.934,,,,,,,,,,
17/08/2020,"34,894,667", $337.91 ,334.846,,,,,,,,,,
18/08/2020,"38,278,301", $338.64 ,335.704,,,,,,,,,,
19/08/2020,"67,498,620", $337.23 ,336.216,,,,,,,,,,
20/08/2020,"41,350,941", $338.28 ,336.611,,,,,,,,,,
21/08/2020,"53,909,704", $339.48 ,337.102,,,,,,,,,,
24/08/2020,"48,092,491", $342.92 ,337.837,,,,,,,,,,
25/08/2020,"38,064,545", $344.12 ,338.969,,,,,,,,,,
26/08/2020,"50,168,354", $347.57 ,339.982,,,,,,,,,,
27/08/2020,"57,374,083", $348.33 ,341.132,,,,,,,,,,
28/08/2020,"48,588,940", $350.58 ,342.506,,,,,,,,,,
31/08/2020,"65,244,995", $349.31 ,343.646,,,,,,,,,,
01/09/2020,"54,535,112", $352.60 ,345.042,,,,,,,,,,
02/09/2020,"68,508,930", $357.70 ,347.089,,,,,,,,,,
03/09/2020,"145,115,207", $345.39 ,347.8,,,,,,,,,,
04/09/2020,"138,383,455", $342.57 ,348.109,,,,,,,,,,
08/09/2020,"111,273,629", $333.21 ,347.138,,,,,,,,,,
09/09/2020,"89,858,937", $339.79 ,346.705,,,,,,,,,,
10/09/2020,"89,633,524", $333.89 ,345.337,,,,,,,,,,
11/09/2020,"83,511,683", $334.06 ,343.91,,,,,,,,,,
14/09/2020,"64,997,412", $338.46 ,342.698,,,,,,,,,,
15/09/2020,"52,019,931", $340.17 ,341.784,,,,,,,,,,
16/09/2020,"81,279,290", $338.82 ,340.406,,,,,,,,,,
17/09/2020,"90,257,086", $335.84 ,338.22,,,,,,,,,,
18/09/2020,"101,677,189", $330.65 ,336.746,,,,,,,,,,
21/09/2020,"97,879,221", $326.97 ,335.186,,,,,,,,,,
22/09/2020,"63,066,640", $330.30 ,334.895,,,,,,,,,,
23/09/2020,"91,137,617", $322.64 ,333.18,,,,,,,,,,
24/09/2020,"76,234,550", $323.50 ,332.141,,,,,,,,,,
25/09/2020,"69,268,726", $328.73 ,331.608,,,,,,,,,,
28/09/2020,"63,990,179", $334.19 ,331.181,,,,,,,,,,
29/09/2020,"50,714,424", $332.37 ,330.401,,,,,,,,,,
30/09/2020,"101,666,421", $334.89 ,330.008,,,,,,,,,,
01/10/2020,"85,850,841", $337.04 ,330.128,,,,,,,,,,
02/10/2020,"88,218,609", $333.84 ,330.447,,,,,,,,,,
05/10/2020,"45,218,740", $339.76 ,331.726,,,,,,,,,,
06/10/2020,"88,390,610", $334.93 ,332.189,,,,,,,,,,
07/10/2020,"56,460,813", $340.76 ,334.001,,,,,,,,,,
08/10/2020,"44,126,652", $343.78 ,336.029,,,,,,,,,,
09/10/2020,"58,810,100", $346.85 ,337.841,,,,,,,,,,
12/10/2020,"74,936,609", $352.43 ,339.665,,,,,,,,,,
13/10/2020,"71,637,119", $350.13 ,341.441,,,,,,,,,,
14/10/2020,"57,366,677", $347.93 ,342.745,,,,,,,,,,
15/10/2020,"59,831,888", $347.50 ,343.791,,,,,,,,,,
16/10/2020,"87,614,753", $347.29 ,345.136,,,,,,,,,,
19/10/2020,"67,262,265", $342.01 ,345.361,,,,,,,,,,
20/10/2020,"59,391,059", $343.38 ,346.206,,,,,,,,,,
21/10/2020,"62,456,457", $342.73 ,346.403,,,,,,,,,,
22/10/2020,"54,889,545", $344.61 ,346.486,,,,,,,,,,
23/10/2020,"48,698,245", $345.78 ,346.379,,,,,,,,,,
26/10/2020,"91,473,002", $339.39 ,345.075,,,,,,,,,,
27/10/2020,"65,994,108", $338.22 ,343.884,,,,,,,,,,
28/10/2020,"127,094,307", $326.66 ,341.757,,,,,,,,,,
29/10/2020,"90,597,689", $329.98 ,340.005,,,,,,,,,,
30/10/2020,"119,227,532", $326.54 ,337.93,,,,,,,,,,
02/11/2020,"85,341,101", $330.20 ,336.749,,,,,,,,,,
03/11/2020,"89,719,131", $336.03 ,336.014,,,,,,,,,,
04/11/2020,"125,929,158", $343.54 ,336.095,,,,,,,,,,
05/11/2020,"80,783,263", $350.24 ,336.658,,,,,,,,,,
06/11/2020,"73,823,374", $350.16 ,337.096,,,,,,,,,,
09/11/2020,"170,080,070", $354.56 ,338.613,,,,,,,,,,
10/11/2020,"83,908,364", $354.04 ,340.195,,,,,,,,,,
11/11/2020,"57,805,672", $356.67 ,343.196,,,,,,,,,,
12/11/2020,"66,633,604", $353.21 ,345.519,,,,,,,,,,
13/11/2020,"62,408,284", $358.10 ,348.675,,,,,,,,,,
16/11/2020,"73,452,553", $362.57 ,351.912,,,,,,,,,,
17/11/2020,"66,111,009", $360.62 ,354.371,,,,,,,,,,
18/11/2020,"67,244,107", $356.28 ,355.645,,,,,,,,,,
19/11/2020,"58,028,076", $357.78 ,356.399,,,,,,,,,,
20/11/2020,"66,993,990", $355.33 ,356.916,,,,,,,,,,
23/11/2020,"63,230,608", $357.46 ,357.206,,,,,,,,,,
24/11/2020,"61,290,777", $363.22 ,358.124,,,,,,,,,,
25/11/2020,"45,330,890", $362.66 ,358.723,,,,,,,,,,
27/11/2020,"28,499,309", $363.67 ,359.769,,,,,,,,,,
30/11/2020,"80,850,053", $362.06 ,360.165,,,,,,,,,,
01/12/2020,"73,072,325", $366.02 ,360.51,,,,,,,,,,
02/12/2020,"43,711,090", $366.79 ,361.127,,,,,,,,,,
03/12/2020,"62,881,998", $366.69 ,362.168,,,,,,,,,,
04/12/2020,"49,794,514", $369.85 ,363.375,,,,,,,,,,
07/12/2020,"46,968,884", $369.09 ,364.751,,,,,,,,,,
08/12/2020,"42,458,859", $370.17 ,366.022,,,,,,,,,,
09/12/2020,"71,996,963", $366.85 ,366.385,,,,,,,,,,
10/12/2020,"57,735,353", $366.73 ,366.792,,,,,,,,,,
11/12/2020,"57,302,922", $366.30 ,367.055,,,,,,,,,,
14/12/2020,"69,216,174", $364.66 ,367.315,,,,,,,,,,
15/12/2020,"64,071,099", $369.59 ,367.672,,,,,,,,,,
16/12/2020,"57,275,057", $370.17 ,368.01,,,,,,,,,,
17/12/2020,"62,660,678", $372.24 ,368.565,,,,,,,,,,
18/12/2020,"118,887,114", $369.18 ,368.498,,,,,,,,,,
21/12/2020,"96,386,745", $367.86 ,368.375,,,,,,,,,,
22/12/2020,"46,469,939", $367.24 ,368.082,,,,,,,,,,
23/12/2020,"46,201,402", $367.57 ,368.154,,,,,,,,,,
24/12/2020,"26,457,853", $369.00 ,368.381,,,,,,,,,,
28/12/2020,"39,000,402", $372.17 ,368.968,,,,,,,,,,
29/12/2020,"53,680,451", $371.46 ,369.648,,,,,,,,,,
30/12/2020,"49,137,058", $371.99 ,369.888,,,,,,,,,,
31/12/2020,"76,312,899", $373.88 ,370.259,,,,,,,,,,
04/01/2021,"106,392,218", $368.79 ,369.914,,,,,,,,,,
05/01/2021,"66,426,229", $371.33 ,370.129,,,,,,,,,,
06/01/2021,"102,122,160", $373.55 ,370.698,,,,,,,,,,
07/01/2021,"66,753,960", $379.10 ,371.884,,,,,,,,,,
08/01/2021,"71,330,935", $381.26 ,373.253,,,,,,,,,,
11/01/2021,"51,176,719", $378.69 ,374.222,,,,,,,,,,
12/01/2021,"51,683,119", $378.77 ,374.882,,,,,,,,,,
13/01/2021,"44,546,625", $379.79 ,375.715,,,,,,,,,,
14/01/2021,"49,989,113", $378.46 ,376.362,,,,,,,,,,
15/01/2021,"107,159,962", $375.70 ,376.544,,,,,,,,,,
19/01/2021,"51,233,300", $378.65 ,377.53,,,,,,,,,,
20/01/2021,"61,836,062", $383.89 ,378.786,,,,,,,,,,
21/01/2021,"47,955,809", $384.24 ,379.855,,,,,,,,,,
22/01/2021,"52,136,931", $382.88 ,380.233,,,,,,,,,,
25/01/2021,"70,401,971", $384.39 ,380.546,,,,,,,,,,
26/01/2021,"42,665,281", $383.79 ,381.056,,,,,,,,,,
27/01/2021,"123,351,078", $374.41 ,380.62,,,,,,,,,,
28/01/2021,"94,198,104", $377.63 ,380.404,,,,,,,,,,
29/01/2021,"126,765,121", $370.07 ,379.565,,,,,,,,,,
01/02/2021,"75,817,597", $376.23 ,379.618,,,,,,,,,,
02/02/2021,"64,450,662", $381.55 ,379.908,,,,,,,,,,
03/02/2021,"52,427,090", $381.85 ,379.704,,,,,,,,,,
04/02/2021,"47,142,555", $386.19 ,379.899,,,,,,,,,,
05/02/2021,"48,669,773", $387.71 ,380.382,,,,,,,,,,
08/02/2021,"38,365,185", $390.51 ,380.994,,,,,,,,,,
09/02/2021,"35,551,059", $390.25 ,381.64,,,,,,,,,,
10/02/2021,"59,154,370", $390.08 ,383.207,,,,,,,,,,
11/02/2021,"42,913,288", $390.71 ,384.515,,,,,,,,,,
12/02/2021,"50,593,270", $392.64 ,386.772,,,,,,,,,,
16/02/2021,"50,972,366", $392.30 ,388.379,,,,,,,,,,
17/02/2021,"52,806,681", $392.39 ,389.463,,,,,,,,,,
18/02/2021,"59,712,773", $390.72 ,390.35,,,,,,,,,,
19/02/2021,"83,240,971", $390.03 ,390.734,,,,,,,,,,
22/02/2021,"67,414,170", $387.03 ,390.666,,,,,,,,,,
23/02/2021,"107,284,127", $387.50 ,390.365,,,,,,,,,,
24/02/2021,"72,433,946", $391.77 ,390.517,,,,,,,,,,
25/02/2021,"146,670,499", $382.33 ,389.742,,,,,,,,,,
26/02/2021,"152,701,639", $380.36 ,388.707,,,,,,,,,,
01/03/2021,"105,348,798", $389.58 ,388.401,,,,,,,,,,
02/03/2021,"79,595,332", $386.54 ,387.825,,,,,,,,,,
03/03/2021,"119,940,211", $381.42 ,386.728,,,,,,,,,,
04/03/2021,"183,433,020", $376.70 ,385.326,,,,,,,,,,
05/03/2021,"152,039,624", $383.63 ,384.686,,,,,,,,,,
08/03/2021,"123,149,245", $381.72 ,384.155,,,,,,,,,,
09/03/2021,"113,633,556", $387.17 ,384.122,,,,,,,,,,
10/03/2021,"109,899,410", $389.58 ,383.903,,,,,,,,,,
11/03/2021,"86,245,040", $393.53 ,385.023,,,,,,,,,,
12/03/2021,"64,653,565", $394.06 ,386.393,,,,,,,,,,
15/03/2021,"73,592,302", $396.41 ,387.076,,,,,,,,,,
16/03/2021,"73,722,506", $395.91 ,388.013,,,,,,,,,,
17/03/2021,"97,959,265", $397.26 ,389.597,,,,,,,,,,
18/03/2021,"115,349,101", $391.48 ,391.075,,,,,,,,,,
19/03/2021,"113,624,490", $389.48 ,391.66,,,,,,,,,,
22/03/2021,"73,778,646", $392.59 ,392.747,,,,,,,,,,
23/03/2021,"90,686,552", $389.50 ,392.98,,,,,,,,,,
24/03/2021,"97,588,644", $387.52 ,392.774,,,,,,,,,,
25/03/2021,"116,128,622", $389.70 ,392.391,,,,,,,,,,
26/03/2021,"114,409,114", $395.98 ,392.583,,,,,,,,,,
29/03/2021,"108,107,626", $395.78 ,392.52,,,,,,,,,,
30/03/2021,"76,262,249", $394.73 ,392.402,,,,,,,,,,
31/03/2021,"112,734,214", $396.33 ,392.309,,,,,,,,,,
01/04/2021,"99,682,876", $400.61 ,393.222,,,,,,,,,,
05/04/2021,"91,684,764", $406.36 ,394.91,,,,,,,,,,
06/04/2021,"62,020,953", $406.12 ,396.263,,,,,,,,,,
07/04/2021,"55,836,280", $406.59 ,397.972,,,,,,,,,,
08/04/2021,"57,863,114", $408.52 ,400.072,,,,,,,,,,
09/04/2021,"61,104,559", $411.49 ,402.251,,,,,,,,,,
12/04/2021,"56,704,899", $411.64 ,403.817,,,,,,,,,,
13/04/2021,"56,550,988", $412.86 ,405.525,,,,,,,,,,
14/04/2021,"61,659,907", $411.45 ,407.197,,,,,,,,,,
15/04/2021,"60,229,842", $415.87 ,409.151,,,,,,,,,,
16/04/2021,"82,037,278", $417.26 ,410.816,,,,,,,,,,
19/04/2021,"78,498,496", $415.21 ,411.701,,,,,,,,,,
20/04/2021,"81,851,828", $412.17 ,412.306,,,,,,,,,,
21/04/2021,"66,792,983", $416.07 ,413.254,,,,,,,,,,
22/04/2021,"97,582,788", $412.27 ,413.629,,,,,,,,,,
23/04/2021,"73,276,195", $416.74 ,414.154,,,,,,,,,,
26/04/2021,"52,182,392", $417.61 ,414.751,,,,,,,,,,
27/04/2021,"51,303,056", $417.52 ,415.217,,,,,,,,,,
28/04/2021,"51,238,854", $417.40 ,415.812,,,,,,,,,,
29/04/2021,"78,544,329", $420.06 ,416.231,,,,,,,,,,
30/04/2021,"85,527,030", $417.30 ,416.235,,,,,,,,,,
03/05/2021,"68,128,289", $418.20 ,416.534,,,,,,,,,,
04/05/2021,"101,591,166", $415.62 ,416.879,,,,,,,,,,
05/05/2021,"60,284,659", $415.75 ,416.847,,,,,,,,,,
06/05/2021,"74,321,368", $419.07 ,417.527,,,,,,,,,,
07/05/2021,"67,733,790", $422.12 ,418.065,,,,,,,,,,
10/05/2021,"81,852,446", $417.94 ,418.098,,,,,,,,,,
11/05/2021,"116,887,975", $414.21 ,417.767,,,,,,,,,,
12/05/2021,"134,811,046", $405.41 ,416.568,,,,,,,,,,
13/05/2021,"106,393,963", $410.28 ,415.59,,,,,,,,,,
14/05/2021,"82,201,629", $416.58 ,415.518,,,,,,,,,,
17/05/2021,"65,129,221", $415.52 ,415.25,,,,,,,,,,
18/05/2021,"59,810,238", $411.94 ,414.882,,,,,,,,,,
19/05/2021,"106,467,052", $410.86 ,414.393,,,,,,,,,,
20/05/2021,"78,022,218", $415.28 ,414.014,,,,,,,,,,
21/05/2021,"76,578,662", $414.94 ,413.296,,,,,,,,,,
24/05/2021,"51,376,702", $419.17 ,413.419,,,,,,,,,,
25/05/2021,"57,451,396", $418.24 ,413.822,,,,,,,,,,
26/05/2021,"43,088,618", $419.07 ,415.188,,,,,,,,,,
27/05/2021,"56,707,677", $419.29 ,416.089,,,,,,,,,,
28/05/2021,"58,520,164", $420.04 ,416.435,,,,,,,,,,
01/06/2021,"54,216,625", $419.67 ,416.85,,,,,,,,,,
02/06/2021,"49,097,061", $420.33 ,417.689,,,,,,,,,,
03/06/2021,"58,138,763", $418.77 ,418.48,,,,,,,,,,
04/06/2021,"55,938,789", $422.60 ,419.212,,,,,,,,,,
07/06/2021,"51,555,032", $422.19 ,419.937,,,,,,,,,,
08/06/2021,"47,134,279", $422.28 ,420.248,,,,,,,,,,
09/06/2021,"48,436,342", $421.65 ,420.589,,,,,,,,,,
10/06/2021,"51,020,147", $423.61 ,421.043,,,,,,,,,,
11/06/2021,"43,760,801", $424.31 ,421.545,,,,,,,,,,
14/06/2021,"42,358,478", $425.26 ,422.067,,,,,,,,,,
15/06/2021,"51,508,508", $424.48 ,422.548,,,,,,,,,,
16/06/2021,"80,386,082", $422.11 ,422.726,,,,,,,,,,
17/06/2021,"90,949,659", $421.97 ,423.046,,,,,,,,,,
18/06/2021,"118,676,302", $414.92 ,422.278,,,,,,,,,,
21/06/2021,"72,822,028", $420.86 ,422.145,,,,,,,,,,
22/06/2021,"57,700,303", $423.11 ,422.228,,,,,,,,,,
23/06/2021,"49,445,414", $422.60 ,422.323,,,,,,,,,,
24/06/2021,"45,110,288", $425.10 ,422.472,,,,,,,,,,
25/06/2021,"58,129,525", $426.61 ,422.702,,,,,,,,,,
28/06/2021,"53,159,581", $427.47 ,422.923,,,,,,,,,,
29/06/2021,"35,970,515", $427.70 ,423.245,,,,,,,,,,
30/06/2021,"64,827,858", $428.06 ,423.84,,,,,,,,,,
01/07/2021,"53,441,027", $430.43 ,424.686,,,,,,,,,,
02/07/2021,"57,697,668", $433.72 ,426.566,,,,,,,,,,
06/07/2021,"68,710,419", $432.93 ,427.773,,,,,,,,,,
07/07/2021,"63,549,456", $434.46 ,428.908,,,,,,,,,,
08/07/2021,"97,595,232", $430.92 ,429.74,,,,,,,,,,
09/07/2021,"76,238,584", $435.52 ,430.782,,,,,,,,,,
12/07/2021,"52,889,585", $437.08 ,431.829,,,,,,,,,,
13/07/2021,"52,911,312", $435.59 ,432.641,,,,,,,,,,
14/07/2021,"64,130,352", $436.24 ,433.495,,,,,,,,,,
15/07/2021,"55,126,358", $434.75 ,434.164,,,,,,,,,,
16/07/2021,"75,874,662", $431.34 ,434.255,,,,,,,,,,
19/07/2021,"147,987,000", $424.97 ,433.38,,,,,,,,,,
20/07/2021,"99,608,174", $431.06 ,433.193,,,,,,,,,,
21/07/2021,"64,724,389", $434.55 ,433.202,,,,,,,,,,
22/07/2021,"47,878,539", $435.46 ,433.656,,,,,,,,,,
23/07/2021,"63,766,637", $439.94 ,434.098,,,,,,,,,,
26/07/2021,"43,719,187", $441.02 ,434.492,,,,,,,,,,
27/07/2021,"67,397,137", $439.01 ,434.834,,,,,,,,,,
28/07/2021,"52,472,360", $438.83 ,435.093,,,,,,,,,,
29/07/2021,"47,435,342", $440.65 ,435.683,,,,,,,,,,
30/07/2021,"68,951,202", $438.51 ,436.4,,,,,,,,,,
02/08/2021,"58,783,297", $437.59 ,437.662,,,,,,,,,,
03/08/2021,"58,053,896", $441.15 ,438.671,,,,,,,,,,
04/08/2021,"46,732,212", $438.98 ,439.114,,,,,,,,,,
05/08/2021,"38,969,659", $441.76 ,439.744,,,,,,,,,,
06/08/2021,"46,930,008", $442.49 ,439.999,,,,,,,,,,
09/08/2021,"41,222,585", $442.13 ,440.11,,,,,,,,,,
10/08/2021,"43,339,275", $442.68 ,440.477,,,,,,,,,,
11/08/2021,"44,034,340", $443.78 ,440.972,,,,,,,,,,
12/08/2021,"38,942,418", $445.11 ,441.418,,,,,,,,,,
13/08/2021,"39,470,251", $445.92 ,442.159,,,,,,,,,,
16/08/2021,"73,930,864", $446.97 ,443.097,,,,,,,,,,
17/08/2021,"92,673,933", $444.04 ,443.386,,,,,,,,,,
18/08/2021,"89,351,931", $439.18 ,443.406,,,,,,,,,,
19/08/2021,"92,812,246", $439.86 ,443.216,,,,,,,,,,
20/08/2021,"72,008,712", $443.36 ,443.303,,,,,,,,,,
23/08/2021,"54,973,038", $447.26 ,443.816,,,,,,,,,,
24/08/2021,"38,744,714", $447.97 ,444.345,,,,,,,,,,
25/08/2021,"40,529,711", $448.91 ,444.858,,,,,,,,,,
26/08/2021,"57,829,572", $446.26 ,444.973,,,,,,,,,,
27/08/2021,"77,235,113", $450.25 ,445.406,,,,,,,,,,
30/08/2021,"48,357,355", $452.23 ,445.932,,,,,,,,,,
31/08/2021,"59,300,213", $451.56 ,446.684,,,,,,,,,,
01/09/2021,"48,721,378", $451.80 ,447.946,,,,,,,,,,
02/09/2021,"42,830,867", $453.19 ,449.279,,,,,,,,,,
03/09/2021,"47,234,364", $453.08 ,450.251,,,,,,,,,,
07/09/2021,"51,671,534", $451.46 ,450.671,,,,,,,,,,
08/09/2021,"56,181,907", $450.91 ,450.965,,,,,,,,,,
09/09/2021,"57,970,407", $448.98 ,450.972,,,,,,,,,,
10/09/2021,"89,948,174", $445.44 ,450.89,,,,,,,,,,
13/09/2021,"83,738,649", $446.58 ,450.523,,,,,,,,,,
14/09/2021,"78,197,140", $444.17 ,449.717,,,,,,,,,,
15/09/2021,"78,792,222", $447.88 ,449.349,,,,,,,,,,
16/09/2021,"77,786,735", $447.17 ,448.886,,,,,,,,,,
17/09/2021,"118,425,037", $441.40 ,447.707,,,,,,,,,,
20/09/2021,"166,445,534", $434.04 ,445.803,,,,,,,,,,
21/09/2021,"92,526,112", $433.63 ,444.02,,,,,,,,,,
22/09/2021,"102,350,143", $437.86 ,442.715,,,,,,,,,,
23/09/2021,"76,395,981", $443.18 ,442.135,,,,,,,,,,
24/09/2021,"62,094,837", $443.91 ,441.982,,,,,,,,,,
27/09/2021,"61,371,108", $442.64 ,441.588,,,,,,,,,,
28/09/2021,"130,436,306", $433.72 ,440.543,,,,,,,,,,
29/09/2021,"82,329,213", $434.45 ,439.2,,,,,,,,,,
30/09/2021,"140,505,979", $429.14 ,437.397,,,,,,,,,,
01/10/2021,"129,240,106", $434.24 ,436.681,,,,,,,,,,
04/10/2021,"128,569,957", $428.64 ,436.141,,,,,,,,,,
05/10/2021,"90,682,520", $433.10 ,436.088,,,,,,,,,,
06/10/2021,"113,032,245", $434.90 ,435.792,,,,,,,,,,
07/10/2021,"72,437,499", $438.66 ,435.34,,,,,,,,,,
08/10/2021,"74,557,404", $437.86 ,434.735,,,,,,,,,,
11/10/2021,"65,233,285", $434.69 ,433.94,,,,,,,,,,
12/10/2021,"71,181,163", $433.62 ,433.93,,,,,,,,,,
13/10/2021,"72,973,979", $435.18 ,434.003,,,,,,,,,,
14/10/2021,"70,236,825", $442.50 ,435.339,,,,,,,,,,
15/10/2021,"66,260,210", $445.87 ,436.502,,,,,,,,,,
18/10/2021,"62,213,228", $447.19 ,438.357,,,,,,,,,,
19/10/2021,"46,996,827", $450.64 ,440.111,,,,,,,,,,
20/10/2021,"49,571,569", $452.41 ,441.862,,,,,,,,,,
21/10/2021,"41,305,438", $453.59 ,443.355,,,,,,,,,,
22/10/2021,"58,845,088", $453.12 ,444.881,,,,,,,,,,
25/10/2021,"45,214,507", $455.55 ,446.967,,,,,,,,,,
26/10/2021,"56,075,116", $455.96 ,449.201,,,,,,,,,,
27/10/2021,"72,437,997", $453.94 ,451.077,,,,,,,,,,
28/10/2021,"51,437,944", $458.32 ,452.659,,,,,,,,,,
29/10/2021,"70,162,424", $459.25 ,453.997,,,,,,,,,,
01/11/2021,"48,433,642", $460.04 ,455.282,,,,,,,,,,
02/11/2021,"48,908,417", $461.90 ,456.408,,,,,,,,,,
03/11/2021,"52,509,825", $464.72 ,457.639,,,,,,,,,,
04/11/2021,"52,847,087", $466.91 ,458.971,,,,,,,,,,
05/11/2021,"66,390,563", $468.53 ,460.512,,,,,,,,,,
08/11/2021,"50,405,194", $468.93 ,461.85,,,,,,,,,,
09/11/2021,"51,149,147", $467.38 ,462.992,,,,,,,,,,
10/11/2021,"69,429,653", $463.62 ,463.96,,,,,,,,,,
11/11/2021,"34,848,495", $463.77 ,464.505,,,,,,,,,,
12/11/2021,"53,466,654", $467.27 ,465.307,,,,,,,,,,
15/11/2021,"46,980,500", $467.43 ,466.046,,,,,,,,,,
16/11/2021,"48,857,502", $469.28 ,466.784,,,,,,,,,,
17/11/2021,"47,858,289", $468.14 ,467.126,,,,,,,,,,
18/11/2021,"50,625,607", $469.73 ,467.408,,,,,,,,,,
19/11/2021,"57,315,573", $468.89 ,467.444,,,,,,,,,,
22/11/2021,"72,761,954", $467.57 ,467.308,,,,,,,,,,
23/11/2021,"73,206,538", $468.19 ,467.389,,,,,,,,,,
24/11/2021,"61,858,813", $469.44 ,467.971,,,,,,,,,,
26/11/2021,"112,669,636", $458.97 ,467.491,,,,,,,,,,
29/11/2021,"86,268,818", $464.60 ,467.224,,,,,,,,,,
30/11/2021,"148,559,598", $455.56 ,466.037,,,,,,,,,,
01/12/2021,"132,485,835", $450.50 ,464.159,,,,,,,,,,
02/12/2021,"127,637,758", $457.40 ,463.085,,,,,,,,,,
03/12/2021,"137,331,647", $453.42 ,461.454,,,,,,,,,,
06/12/2021,"98,977,532", $458.79 ,460.444,,,,,,,,,,
07/12/2021,"95,484,688", $468.28 ,460.515,,,,,,,,,,
08/12/2021,"72,238,777", $469.52 ,460.648,,,,,,,,,,
09/12/2021,"61,272,568", $466.35 ,460.339,,,,,,,,,,
10/12/2021,"77,159,757", $470.74 ,461.516,,,,,,,,,,
13/12/2021,"87,724,680", $466.57 ,461.713,,,,,,,,,,
14/12/2021,"97,264,128", $463.36 ,462.493,,,,,,,,,,
15/12/2021,"116,899,251", $470.60 ,464.503,,,,,,,,,,
16/12/2021,"116,568,626", $466.45 ,465.408,,,,,,,,,,
17/12/2021,"135,636,510", $459.87 ,466.053,,,,,,,,,,
20/12/2021,"107,134,822", $454.98 ,465.672,,,,,,,,,,
21/12/2021,"69,806,260", $463.06 ,465.15,,,,,,,,,,
22/12/2021,"58,890,223", $467.69 ,464.967,,,,,,,,,,
23/12/2021,"56,439,745", $470.60 ,465.392,,,,,,,,,,
27/12/2021,"56,808,619", $477.26 ,466.044,,,,,,,,,,
28/12/2021,"47,274,585", $476.87 ,467.074,,,,,,,,,,
29/12/2021,"54,502,964", $477.48 ,468.486,,,,,,,,,,
30/12/2021,"55,329,041", $476.16 ,469.042,,,,,,,,,,
31/12/2021,"65,237,431", $474.96 ,469.893,,,,,,,,,,
03/01/2022,"72,668,233", $477.71 ,471.677,,,,,,,,,,
04/01/2022,"71,178,678", $477.55 ,473.934,,,,,,,,,,
05/01/2022,"104,538,940", $468.38 ,474.466,,,,,,,,,,
06/01/2022,"86,858,900", $467.94 ,474.491,,,,,,,,,,
07/01/2022,"82,985,842", $466.09 ,474.04,,,,,,,,,,
10/01/2022,"119,361,989", $465.51 ,472.865,,,,,,,,,,
11/01/2022,"74,303,062", $469.75 ,472.153,,,,,,,,,,
12/01/2022,"67,605,444", $471.02 ,471.507,,,,,,,,,,
13/01/2022,"91,173,121", $464.53 ,470.344,,,,,,,,,,
14/01/2022,"95,890,948", $464.72 ,469.32,,,,,,,,,,
18/01/2022,"109,872,376", $456.49 ,467.198,,,,,,,,,,
19/01/2022,"109,357,569", $451.75 ,464.618,,,,,,,,,,
20/01/2022,"122,379,696", $446.75 ,462.455,,,,,,,,,,
21/01/2022,"202,271,241", $437.98 ,459.459,,,,,,,,,,
24/01/2022,"252,496,719", $439.84 ,456.834,,,,,,,,,,
25/01/2022,"167,997,325", $434.47 ,453.73,,,,,,,,,,
26/01/2022,"186,391,088", $433.38 ,450.093,,,,,,,,,,
27/01/2022,"149,878,307", $431.24 ,446.115,,,,,,,,,,
28/01/2022,"164,457,370", $441.95 ,443.857,,,,,,,,,,
31/01/2022,"152,251,425", $449.91 ,442.376,,,,,,,,,,
01/02/2022,"123,155,382", $452.95 ,442.022,,,,,,,,,,
02/02/2022,"117,360,953", $457.35 ,442.582,,,,,,,,,,
03/02/2022,"118,024,442", $446.60 ,442.567,,,,,,,,,,
04/02/2022,"118,454,352", $448.70 ,443.639,,,,,,,,,,
07/02/2022,"84,472,859", $447.26 ,444.381,,,,,,,,,,
08/02/2022,"81,012,036", $450.94 ,446.028,,,,,,,,,,
09/02/2022,"92,589,929", $457.54 ,448.444,,,,,,,,,,
10/02/2022,"140,103,712", $449.32 ,450.252,,,,,,,,,,
11/02/2022,"153,214,597", $440.46 ,450.103,,,,,,,,,,
14/02/2022,"123,006,262", $439.02 ,449.014,,,,,,,,,,
15/02/2022,"88,659,503", $446.10 ,448.329,,,,,,,,,,
16/02/2022,"84,863,585", $446.60 ,447.254,,,,,,,,,,
17/02/2022,"102,259,108", $437.06 ,446.3,,,,,,,,,,
18/02/2022,"132,642,896", $434.23 ,444.853,,,,,,,,,,
22/02/2022,"124,391,830", $429.57 ,443.084,,,,,,,,,,
23/02/2022,"132,578,005", $421.95 ,440.185,,,,,,,,,,
24/02/2022,"213,942,946", $428.30 ,437.261,,,,,,,,,,
25/02/2022,"121,804,459", $437.75 ,436.104,,,,,,,,,,
28/02/2022,"143,475,537", $436.63 ,435.721,,,,,,,,,,
01/03/2022,"137,785,908", $429.98 ,434.817,,,,,,,,,,
02/03/2022,"117,726,525", $437.89 ,433.996,,,,,,,,,,
03/03/2022,"105,501,715", $435.71 ,432.907,,,,,,,,,,
04/03/2022,"114,083,256", $432.17 ,432.418,,,,,,,,,,
07/03/2022,"137,896,560", $419.43 ,430.938,,,,,,,,,,
08/03/2022,"164,772,744", $416.25 ,429.606,,,,,,,,,,
09/03/2022,"116,990,765", $427.41 ,430.152,,,,,,,,,,
10/03/2022,"93,972,655", $425.48 ,429.87,,,,,,,,,,
11/03/2022,"95,636,277", $420.07 ,428.102,,,,,,,,,,
14/03/2022,"95,729,188", $417.00 ,426.139,,,,,,,,,,
15/03/2022,"106,219,117", $426.17 ,425.758,,,,,,,,,,
16/03/2022,"144,954,805", $435.62 ,425.531,,,,,,,,,,
17/03/2022,"102,676,870", $441.07 ,426.067,,,,,,,,,,
18/03/2022,"106,345,544", $444.52 ,427.302,,,,,,,,,,
21/03/2022,"88,349,763", $444.39 ,429.798,,,,,,,,,,
22/03/2022,"74,650,394", $449.59 ,433.132,,,,,,,,,,
23/03/2022,"79,426,098", $443.80 ,434.771,,,,,,,,,,
24/03/2022,"64,736,892", $450.49 ,437.272,,,,,,,,,,
25/03/2022,"77,101,324", $452.69 ,440.534,,,,,,,,,,
28/03/2022,"68,529,767", $455.91 ,444.425,,,,,,,,,,
29/03/2022,"86,581,542", $461.55 ,447.963,,,,,,,,,,
30/03/2022,"79,666,942", $458.70 ,450.271,,,,,,,,,,
31/03/2022,"121,699,948", $451.64 ,451.328,,,,,,,,,,
01/04/2022,"89,048,773", $452.92 ,452.168,,,,,,,,,,
04/04/2022,"59,601,000", $456.80 ,453.409,,,,,,,,,,
05/04/2022,"74,214,501", $451.03 ,453.553,,,,,,,,,,
06/04/2022,"106,897,970", $446.52 ,453.825,,,,,,,,,,
07/04/2022,"78,097,214", $448.77 ,453.653,,,,,,,,,,
08/04/2022,"79,272,711", $447.57 ,453.141,,,,,,,,,,
11/04/2022,"89,770,538", $439.92 ,451.542,,,,,,,,,,
12/04/2022,"84,363,635", $438.29 ,449.216,,,,,,,,,,
13/04/2022,"74,070,394", $443.31 ,447.677,,,,,,,,,,
14/04/2022,"97,869,451", $437.79 ,446.292,,,,,,,,,,
18/04/2022,"66,002,498", $437.97 ,444.797,,,,,,,,,,
19/04/2022,"77,821,013", $445.04 ,443.621,,,,,,,,,,
20/04/2022,"65,224,449", $444.71 ,442.989,,,,,,,,,,
21/04/2022,"85,417,327", $438.06 ,442.143,,,,,,,,,,
22/04/2022,"132,471,772", $426.04 ,439.87,,,,,,,,,,
25/04/2022,"119,647,748", $428.51 ,437.964,,,,,,,,,,
26/04/2022,"103,996,312", $416.10 ,435.582,,,,,,,,,,
27/04/2022,"122,029,990", $417.27 ,433.48,,,,,,,,,,
28/04/2022,"105,449,088", $427.81 ,431.93,,,,,,,,,,
29/04/2022,"145,491,088", $412.00 ,429.351,,,,,,,,,,
02/05/2022,"158,312,526", $414.48 ,427.002,,,,,,,,,,
03/05/2022,"100,028,190", $416.38 ,424.136,,,,,,,,,,
04/05/2022,"144,247,895", $429.06 ,422.571,,,,,,,,,,
05/05/2022,"172,929,106", $413.81 ,420.146,,,,,,,,,,
06/05/2022,"151,770,811", $411.34 ,418.676,,,,,,,,,,
09/05/2022,"155,586,067", $398.17 ,415.642,,,,,,,,,,
10/05/2022,"132,497,200", $399.09 ,413.941,,,,,,,,,,
11/05/2022,"142,360,992", $392.75 ,411.489,,,,,,,,,,
12/05/2022,"125,090,753", $392.34 ,407.942,,,,,,,,,,
13/05/2022,"104,174,421", $401.72 ,406.914,,,,,,,,,,
16/05/2022,"78,622,444", $400.09 ,405.475,,,,,,,,,,
17/05/2022,"83,029,710", $408.32 ,404.669,,,,,,,,,,
18/05/2022,"117,674,545", $391.86 ,400.949,,,,,,,,,,
19/05/2022,"98,510,715", $389.46 ,398.514,,,,,,,,,,
20/05/2022,"131,432,197", $389.63 ,396.343,,,,,,,,,,
23/05/2022,"76,414,878", $396.92 ,396.218,,,,,,,,,,
24/05/2022,"91,448,831", $393.89 ,395.698,,,,,,,,,,
25/05/2022,"91,472,866", $397.37 ,396.16,,,,,,,,,,
26/05/2022,"82,168,339", $405.31 ,397.457,,,,,,,,,,
27/05/2022,"84,768,710", $415.26 ,398.811,,,,,,,,,,
31/05/2022,"95,936,980", $412.93 ,400.095,,,,,,,,,,
01/06/2022,"86,585,813", $409.59 ,400.222,,,,,,,,,,
02/06/2022,"79,609,633", $417.39 ,402.775,,,,,,,,,,
03/06/2022,"71,874,281", $410.54 ,404.883,,,,,,,,,,
06/06/2022,"57,508,858", $411.79 ,407.099,,,,,,,,,,
07/06/2022,"59,272,373", $415.74 ,408.981,,,,,,,,,,
08/06/2022,"64,349,966", $411.22 ,410.714,,,,,,,,,,
09/06/2022,"86,289,796", $401.44 ,411.121,,,,,,,,,,
10/06/2022,"132,893,864", $389.80 ,409.57,,,,,,,,,,
13/06/2022,"170,004,861", $375.00 ,405.544,,,,,,,,,,
14/06/2022,"104,011,831", $373.87 ,401.638,,,,,,,,,,
15/06/2022,"125,666,797", $379.20 ,398.599,,,,,,,,,,
16/06/2022,"134,473,288", $366.65 ,393.525,,,,,,,,,,
17/06/2022,"111,113,904", $365.86 ,389.057,,,,,,,,,,
21/06/2022,"76,811,861", $375.07 ,385.385,,,,,,,,,,
22/06/2022,"90,059,424", $374.39 ,381.25,,,,,,,,,,
23/06/2022,"79,292,135", $378.06 ,377.934,,,,,,,,,,
24/06/2022,"98,050,333", $390.08 ,376.798,,,,,,,,,,
27/06/2022,"66,009,617", $388.59 ,376.677,,,,,,,,,,
28/06/2022,"86,689,824", $380.65 ,377.242,,,,,,,,,,
29/06/2022,"65,675,999", $380.34 ,377.889,,,,,,,,,,
30/06/2022,"112,508,273", $377.25 ,377.694,,,,,,,,,,
01/07/2022,"74,839,729", $381.24 ,379.153,,,,,,,,,,
05/07/2022,"81,437,965", $381.96 ,380.763,,,,,,,,,,
06/07/2022,"70,426,244", $383.25 ,381.581,,,,,,,,,,
07/07/2022,"64,525,919", $388.99 ,383.041,,,,,,,,,,
08/07/2022,"72,397,765", $388.67 ,384.102,,,,,,,,,,
11/07/2022,"58,366,945", $384.23 ,383.517,,,,,,,,,,
12/07/2022,"62,219,178", $380.83 ,382.741,,,,,,,,,,
13/07/2022,"84,224,649", $378.83 ,382.559,,,,,,,,,,
14/07/2022,"89,704,819", $377.91 ,382.316,,,,,,,,,,
15/07/2022,"79,060,383", $385.13 ,383.104,,,,,,,,,,
18/07/2022,"63,203,626", $381.95 ,383.175,,,,,,,,,,
19/07/2022,"78,505,972", $392.27 ,384.206,,,,,,,,,,
20/07/2022,"71,843,769", $394.77 ,385.358,,,,,,,,,,
21/07/2022,"64,903,856", $398.79 ,386.338,,,,,,,,,,
22/07/2022,"72,197,332", $395.09 ,386.98,,,,,,,,,,
25/07/2022,"53,631,485", $395.57 ,388.114,,,,,,,,,,
26/07/2022,"52,946,393", $390.89 ,389.12,,,,,,,,,,
27/07/2022,"82,342,106", $401.04 ,391.341,,,,,,,,,,
28/07/2022,"73,966,563", $406.07 ,394.157,,,,,,,,,,
29/07/2022,"87,003,672", $411.99 ,396.843,,,,,,,,,,
01/08/2022,"69,997,471", $410.77 ,399.725,,,,,,,,,,
02/08/2022,"63,435,418", $408.06 ,401.304,,,,,,,,,,
03/08/2022,"67,820,555", $414.45 ,403.272,,,,,,,,,,
04/08/2022,"45,656,574", $414.17 ,404.81,,,,,,,,,,
05/08/2022,"56,814,929", $413.47 ,406.648,,,,,,,,,,
08/08/2022,"54,025,965", $412.99 ,408.39,,,,,,,,,,
09/08/2022,"44,931,772", $411.35 ,410.436,,,,,,,,,,
10/08/2022,"68,665,712", $419.99 ,412.331,,,,,,,,,,
11/08/2022,"59,489,704", $419.99 ,413.723,,,,,,,,,,
12/08/2022,"61,694,542", $427.10 ,415.234,,,,,,,,,,
15/08/2022,"54,048,280", $428.86 ,417.043,,,,,,,,,,
16/08/2022,"59,289,039", $429.70 ,419.207,,,,,,,,,,
17/08/2022,"63,563,394", $426.65 ,420.427,,,,,,,,,,
18/08/2022,"49,023,206", $427.89 ,421.799,,,,,,,,,,
19/08/2022,"68,016,902", $422.14 ,422.666,,,,,,,,,,
22/08/2022,"77,695,640", $413.35 ,422.702,,,,,,,,,,
23/08/2022,"49,105,249", $412.35 ,422.802,,,,,,,,,,
24/08/2022,"49,177,804", $413.67 ,422.17,,,,,,,,,,
25/08/2022,"50,942,252", $419.51 ,422.122,,,,,,,,,,
26/08/2022,"103,086,976", $405.31 ,419.943,,,,,,,,,,
29/08/2022,"65,370,810", $402.63 ,417.32,,,,,,,,,,
30/08/2022,"85,652,443", $398.21 ,414.171,,,,,,,,,,
31/08/2022,"76,029,671", $395.18 ,411.024,,,,,,,,,,
01/09/2022,"78,740,084", $396.42 ,407.877,,,,,,,,,,
02/09/2022,"99,632,149", $392.24 ,404.887,,,,,,,,,,
06/09/2022,"76,637,400", $390.76 ,402.628,,,,,,,,,,
07/09/2022,"70,964,232", $397.78 ,401.171,,,,,,,,,,
08/09/2022,"80,821,681", $400.38 ,399.842,,,,,,,,,,
09/09/2022,"76,706,918", $406.60 ,398.551,,,,,,,,,,
12/09/2022,"69,256,262", $410.97 ,399.117,,,,,,,,,,
13/09/2022,"122,947,081", $393.10 ,398.164,,,,,,,,,,
14/09/2022,"85,023,747", $394.60 ,397.803,,,,,,,,,,
15/09/2022,"87,633,840", $390.12 ,397.297,,,,,,,,,,
16/09/2022,"103,084,819", $385.56 ,396.211,,,,,,,,,,
19/09/2022,"73,278,490", $388.55 ,395.842,,,,,,,,,,
20/09/2022,"77,274,882", $384.09 ,395.175,,,,,,,,,,
21/09/2022,"106,746,554", $377.39 ,393.136,,,,,,,,,,
22/09/2022,"89,472,641", $374.22 ,390.52,,,,,,,,,,
23/09/2022,"122,346,933", $367.95 ,386.655,,,,,,,,,,
26/09/2022,"92,581,244", $364.31 ,381.989,,,,,,,,,,
27/09/2022,"108,294,074", $363.38 ,379.017,,,,,,,,,,
28/09/2022,"110,802,217", $370.53 ,376.61,,,,,,,,,,
29/09/2022,"112,952,315", $362.79 ,373.877,,,,,,,,,,
30/09/2022,"153,711,243", $357.18 ,371.039,,,,,,,,,,
03/10/2022,"89,756,479", $366.61 ,368.845,,,,,,,,,,
04/10/2022,"103,602,775", $377.97 ,368.233,,,,,,,,,,
05/10/2022,"88,065,669", $377.09 ,368.203,,,,,,,,,,
06/10/2022,"82,333,543", $373.20 ,368.101,,,,,,,,,,
07/10/2022,"107,789,498", $362.79 ,367.585,,,,,,,,,,
10/10/2022,"76,042,765", $360.02 ,367.156,,,,,,,,,,
11/10/2022,"92,482,785", $357.74 ,366.592,,,,,,,,,,
12/10/2022,"76,991,799", $356.56 ,365.195,,,,,,,,,,
13/10/2022,"147,254,518", $365.97 ,365.513,,,,,,,,,,
14/10/2022,"123,737,013", $357.63 ,365.558,,,,,,,,,,
17/10/2022,"93,168,231", $366.82 ,365.579,,,,,,,,,,
18/10/2022,"97,162,850", $371.13 ,364.895,,,,,,,,,,
19/10/2022,"79,746,863", $368.50 ,364.036,,,,,,,,,,
20/10/2022,"88,283,087", $365.41 ,363.257,,,,,,,,,,
21/10/2022,"131,038,379", $374.29 ,364.407,,,,,,,,,,
24/10/2022,"85,436,907", $378.87 ,366.292,,,,,,,,,,
25/10/2022,"78,846,348", $384.92 ,369.01,,,,,,,,,,
26/10/2022,"104,087,348", $382.02 ,371.556,,,,,,,,,,
27/10/2022,"81,971,756", $379.98 ,372.957,,,,,,,,,,
28/10/2022,"100,301,958", $389.02 ,376.096,,,,,,,,,,
31/10/2022,"96,631,258", $386.21 ,378.035,,,,,,,,,,
01/11/2022,"85,407,598", $384.52 ,379.374,,,,,,,,,,
02/11/2022,"126,990,356", $374.87 ,380.011,,,,,,,,,,
03/11/2022,"87,100,115", $371.01 ,380.571,,,,,,,,,,
04/11/2022,"103,505,182", $376.35 ,380.777,,,,,,,,,,
07/11/2022,"68,286,947", $379.95 ,380.885,,,,,,,,,,
08/11/2022,"84,641,062", $382.00 ,380.593,,,,,,,,,,
09/11/2022,"78,495,470", $374.13 ,379.804,,,,,,,,,,
10/11/2022,"141,455,847", $394.69 ,381.275,,,,,,,,,,
11/11/2022,"93,839,872", $398.51 ,382.224,,,,,,,,,,
14/11/2022,"71,893,165", $395.12 ,383.115,,,,,,,,,,
15/11/2022,"93,194,452", $398.49 ,384.512,,,,,,,,,,
16/11/2022,"68,508,454", $395.45 ,386.57,,,,,,,,,,
17/11/2022,"74,496,255", $394.24 ,388.893,,,,,,,,,,
18/11/2022,"92,922,451", $396.03 ,390.861,,,,,,,,,,
21/11/2022,"51,243,189", $394.59 ,392.325,,,,,,,,,,
22/11/2022,"60,429,025", $399.90 ,394.115,,,,,,,,,,
23/11/2022,"68,261,628", $402.42 ,396.944,,,,,,,,,,
25/11/2022,"30,545,434", $402.33 ,397.708,,,,,,,,,,
28/11/2022,"68,021,749", $395.91 ,397.448,,,,,,,,,,
29/11/2022,"52,310,039", $395.23 ,397.459,,,,,,,,,,
30/11/2022,"144,566,653", $407.68 ,398.378,,,,,,,,,,
01/12/2022,"76,398,170", $407.38 ,399.571,,,,,,,,,,
02/12/2022,"85,342,731", $406.91 ,400.838,,,,,,,,,,
05/12/2022,"77,289,815", $399.59 ,401.194,,,,,,,,,,
06/12/2022,"77,972,217", $393.83 ,401.118,,,,,,,,,,
07/12/2022,"65,927,896", $393.16 ,400.444,,,,,,,,,,
08/12/2022,"60,737,912", $396.24 ,399.826,,,,,,,,,,
09/12/2022,"81,447,733", $393.28 ,398.921,,,,,,,,,,
12/12/2022,"75,405,835", $398.95 ,399.225,,,,,,,,,,
13/12/2022,"123,782,534", $401.97 ,399.899,,,,,,,,,,
14/12/2022,"108,111,349", $399.40 ,399.071,,,,,,,,,,
15/12/2022,"117,705,889", $389.63 ,397.296,,,,,,,,,,
16/12/2022,"119,857,952", $383.27 ,394.932,,,,,,,,,,
19/12/2022,"79,878,103", $380.02 ,392.975,,,,,,,,,,
20/12/2022,"74,427,240", $380.54 ,391.646,,,,,,,,,,
21/12/2022,"78,167,369", $386.23 ,390.953,,,,,,,,,,
22/12/2022,"100,120,855", $380.72 ,389.401,,,,,,,,,,
23/12/2022,"59,857,329", $382.91 ,388.364,,,,,,,,,,
27/12/2022,"51,638,180", $381.40 ,386.609,,,,,,,,,,
28/12/2022,"70,911,520", $376.66 ,384.078,,,,,,,,,,
29/12/2022,"66,970,877", $383.44 ,382.482,,,,,,,,,,
30/12/2022,"84,022,205", $382.43 ,381.762,,,,,,,,,,
03/01/2023,"74,850,731", $380.82 ,381.517,,,,,,,,,,
04/01/2023,"85,934,098", $383.76 ,381.891,,,,,,,,,,
05/01/2023,"76,970,456", $379.38 ,381.775,,,,,,,,,,
06/01/2023,"104,189,603", $388.08 ,381.96,,,,,,,,,,
09/01/2023,"73,978,071", $387.86 ,382.674,,,,,,,,,,
10/01/2023,"65,358,094", $390.58 ,383.441,,,,,,,,,,
11/01/2023,"68,881,080", $395.52 ,384.853,,,,,,,,,,
12/01/2023,"90,157,699", $396.96 ,386.883,,,,,,,,,,
13/01/2023,"63,903,932", $398.50 ,388.389,,,,,,,,,,
17/01/2023,"62,677,281", $397.77 ,389.923,,,,,,,,,,
18/01/2023,"99,632,262", $391.49 ,390.99,,,,,,,,,,
19/01/2023,"86,958,919", $388.64 ,391.478,,,,,,,,,,
20/01/2023,"91,806,356", $395.88 ,393.128,,,,,,,,,,
23/01/2023,"84,178,797", $400.63 ,394.383,,,,,,,,,,
24/01/2023,"59,524,911", $400.20 ,395.617,,,,,,,,,,
25/01/2023,"84,800,251", $400.35 ,396.594,,,,,,,,,,
26/01/2023,"72,287,425", $404.75 ,397.517,,,,,,,,,,
27/01/2023,"68,346,180", $405.68 ,398.389,,,,,,,,,,
30/01/2023,"74,202,018", $400.59 ,398.598,,,,,,,,,,
31/01/2023,"86,811,786", $406.48 ,399.469,,,,,,,,,,
01/02/2023,"101,459,155", $410.80 ,401.4,,,,,,,,,,
02/02/2023,"101,654,463", $416.78 ,404.214,,,,,,,,,,
03/02/2023,"94,736,781", $412.35 ,405.861,,,,,,,,,,
06/02/2023,"60,295,325", $409.83 ,406.781,,,,,,,,,,
07/02/2023,"90,990,745", $415.19 ,408.28,,,,,,,,,,
08/02/2023,"76,227,462", $410.65 ,409.31,,,,,,,,,,
09/02/2023,"78,694,859", $407.09 ,409.544,,,,,,,,,,
10/02/2023,"70,769,715", $408.04 ,409.78,,,,,,,,,,
13/02/2023,"64,913,539", $412.83 ,411.004,,,,,,,,,,
14/02/2023,"88,389,313", $412.64 ,411.62,,,,,,,,,,
15/02/2023,"61,685,279", $413.98 ,411.938,,,,,,,,,,
16/02/2023,"76,431,469", $408.28 ,411.088,,,,,,,,,,
17/02/2023,"89,257,815", $407.26 ,410.579,,,,,,,,,,
21/02/2023,"82,655,924", $399.09 ,409.505,,,,,,,,,,
22/02/2023,"83,742,293", $398.54 ,407.84,,,,,,,,,,
23/02/2023,"96,242,399", $400.66 ,406.841,,,,,,,,,,
24/02/2023,"108,194,413", $396.38 ,405.77,,,,,,,,,,
27/02/2023,"80,444,736", $397.73 ,404.739,,,,,,,,,,
28/02/2023,"96,438,567", $396.26 ,403.082,,,,,,,,,,
01/03/2023,"99,706,823", $394.74 ,401.292,,,,,,,,,,
02/03/2023,"85,404,726", $397.81 ,399.675,,,,,,,,,,
03/03/2023,"90,119,952", $404.19 ,399.266,,,,,,,,,,
06/03/2023,"72,795,946", $404.47 ,398.987,,,,,,,,,,
07/03/2023,"108,310,596", $398.27 ,398.905,,,,,,,,,,
08/03/2023,"74,746,632", $398.92 ,398.943,,,,,,,,,,
09/03/2023,"111,945,322", $391.56 ,398.033,,,,,,,,,,
10/03/2023,"189,252,996", $385.91 ,396.986,,,,,,,,,,
13/03/2023,"157,789,967", $385.36 ,395.749,,,,,,,,,,
14/03/2023,"149,752,357", $391.73 ,395.296,,,,,,,,,,
15/03/2023,"172,996,933", $389.28 ,394.75,,,,,,,,,,
16/03/2023,"143,753,940", $396.11 ,394.58,,,,,,,,,,
17/03/2023,"140,553,411", $389.99 ,393.16,,,,,,,,,,
20/03/2023,"93,055,783", $393.74 ,392.087,,,,,,,,,,
21/03/2023,"91,524,248", $398.91 ,392.151,,,,,,,,,,
22/03/2023,"111,746,583", $392.11 ,391.47,,,,,,,,,,
23/03/2023,"119,351,319", $393.17 ,391.631,,,,,,,,,,
24/03/2023,"107,770,124", $395.75 ,392.615,,,,,,,,,,
27/03/2023,"74,010,408", $396.49 ,393.728,,,,,,,,,,
28/03/2023,"62,871,680", $395.60 ,394.115,,,,,,,,,,
29/03/2023,"77,497,876", $401.35 ,395.322,,,,,,,,,,
30/03/2023,"69,840,049", $403.70 ,396.081,,,,,,,,,,
31/03/2023,"112,062,624", $409.39 ,398.021,,,,,,,,,,
03/04/2023,"67,391,097", $410.95 ,399.742,,,,,,,,,,
04/04/2023,"66,601,534", $408.67 ,400.718,,,,,,,,,,
05/04/2023,"65,200,243", $407.60 ,402.267,,,,,,,,,,
06/04/2023,"63,743,345", $409.19 ,403.869,,,,,,,,,,
10/04/2023,"63,681,042", $409.61 ,405.255,,,,,,,,,,
11/04/2023,"59,297,945", $409.72 ,406.578,,,,,,,,,,
12/04/2023,"86,420,379", $408.05 ,407.823,,,,,,,,,,
13/04/2023,"85,814,754", $413.47 ,409.035,,,,,,,,,,
14/04/2023,"78,161,500", $412.46 ,409.911,,,,,,,,,,
17/04/2023,"66,436,399", $413.94 ,410.366,,,,,,,,,,
18/04/2023,"63,559,997", $414.21 ,410.692,,,,,,,,,,
19/04/2023,"55,227,330", $414.14 ,411.239,,,,,,,,,,
20/04/2023,"75,840,359", $411.88 ,411.667,,,,,,,,,,
21/04/2023,"73,457,422", $412.20 ,411.968,,,,,,,,,,
24/04/2023,"64,332,095", $412.63 ,412.27,,,,,,,,,,
25/04/2023,"97,766,721", $406.08 ,411.906,,,,,,,,,,
26/04/2023,"80,447,049", $404.36 ,411.537,,,,,,,,,,
27/04/2023,"92,968,369", $412.41 ,411.431,,,,,,,,,,
28/04/2023,"89,433,137", $415.93 ,411.778,,,,,,,,,,
01/05/2023,"62,122,254", $415.51 ,411.935,,,,,,,,,,
02/05/2023,"103,998,484", $410.84 ,411.598,,,,,,,,,,
03/05/2023,"91,531,769", $408.02 ,410.986,,,,,,,,,,
04/05/2023,"94,901,863", $405.13 ,410.311,,,,,,,,,,
05/05/2023,"87,891,791", $412.63 ,410.354,,,,,,,,,,
08/05/2023,"50,046,768", $412.74 ,410.365,,,,,,,,,,
09/05/2023,"49,220,119", $410.93 ,410.85,,,,,,,,,,
10/05/2023,"96,142,922", $412.85 ,411.699,,,,,,,,,,
11/05/2023,"70,157,064", $412.13 ,411.671,,,,,,,,,,
12/05/2023,"70,481,548", $411.59 ,411.237,,,,,,,,,,
15/05/2023,"54,289,383", $413.01 ,410.987,,,,,,,,,,
16/05/2023,"57,705,495", $410.25 ,410.928,,,,,,,,,,
17/05/2023,"87,286,957", $415.23 ,411.649,,,,,,,,,,
18/05/2023,"97,177,195", $419.23 ,413.059,,,,,,,,,,
19/05/2023,"103,793,317", $418.62 ,413.658,,,,,,,,,,
22/05/2023,"60,745,399", $418.79 ,414.263,,,,,,,,,,
23/05/2023,"86,383,493", $414.09 ,414.579,,,,,,,,,,
24/05/2023,"89,213,678", $411.09 ,414.403,,,,,,,,,,
25/05/2023,"90,961,606", $414.65 ,414.655,,,,,,,,,,
26/05/2023,"93,829,975", $420.02 ,415.498,,,,,,,,,,
30/05/2023,"72,215,960", $420.18 ,416.215,,,,,,,,,,
31/05/2023,"110,811,780", $417.85 ,416.975,,,,,,,,,,
01/06/2023,"88,865,018", $421.82 ,417.634,,,,,,,,,,
02/06/2023,"91,426,171", $427.92 ,418.503,,,,,,,,,,
05/06/2023,"70,316,043", $427.10 ,419.351,,,,,,,,,,
06/06/2023,"64,022,175", $428.03 ,420.275,,,,,,,,,,
07/06/2023,"85,373,275", $426.55 ,421.521,,,,,,,,,,
08/06/2023,"61,952,842", $429.13 ,423.325,,,,,,,,,,
09/06/2023,"85,647,268", $429.90 ,424.85,,,,,,,,,,
12/06/2023,"76,256,703", $433.80 ,426.228,,,,,,,,,,
13/06/2023,"95,899,704", $436.66 ,427.876,,,,,,,,,,
14/06/2023,"100,612,080", $437.18 ,429.809,,,,,,,,,,
15/06/2023,"110,303,091", $442.60 ,431.887,,,,,,,,,,
16/06/2023,"114,165,849", $439.46 ,433.041,,,,,,,,,,
20/06/2023,"76,160,359", $437.18 ,434.049,,,,,,,,,,
21/06/2023,"76,982,251", $434.94 ,434.74,,,,,,,,,,
22/06/2023,"70,637,175", $436.51 ,435.736,,,,,,,,,,
23/06/2023,"92,074,537", $433.21 ,436.144,,,,,,,,,,
26/06/2023,"72,823,560", $431.44 ,436.298,,,,,,,,,,
27/06/2023,"72,813,699", $436.17 ,436.535,,,,,,,,,,
28/06/2023,"75,635,976", $436.39 ,436.508,,,,,,,,,,
29/06/2023,"67,882,304", $438.11 ,436.601,,,,,,,,,,
30/06/2023,"104,964,019", $443.28 ,436.669,,,,,,,,,,
03/07/2023,"32,793,378", $443.79 ,437.102,,,,,,,,,,
05/07/2023,"58,418,432", $443.13 ,437.697,,,,,,,,,,
06/07/2023,"80,658,302", $439.66 ,438.169,,,,,,,,,,
07/07/2023,"86,134,178", $438.55 ,438.373,,,,,,,,,,
10/07/2023,"62,443,501", $439.66 ,439.018,,,,,,,,,,
11/07/2023,"64,463,752", $442.46 ,440.12,,,,,,,,,,
12/07/2023,"91,924,527", $446.02 ,441.105,,,,,,,,,,
13/07/2023,"72,425,241", $449.56 ,442.422,,,,,,,,,,
14/07/2023,"69,815,823", $449.28 ,443.539,,,,,,,,,,
17/07/2023,"52,680,221", $450.84 ,444.295,,,,,,,,,,
18/07/2023,"80,744,448", $454.19 ,445.335,,,,,,,,,,
19/07/2023,"65,891,688", $455.20 ,446.542,,,,,,,,,,
20/07/2023,"70,591,642", $452.18 ,447.794,,,,,,,,,,
21/07/2023,"71,275,618", $452.18 ,449.157,,,,,,,,,,
24/07/2023,"54,023,382", $454.20 ,450.611,,,,,,,,,,
25/07/2023,"55,191,240", $455.44 ,451.909,,,,,,,,,,
26/07/2023,"71,052,885", $455.51 ,452.858,,,,,,,,,,
27/07/2023,"92,194,375", $452.49 ,453.151,,,,,,,,,,
28/07/2023,"80,011,790", $456.92 ,453.915,,,,,,,,,,
31/07/2023,"62,040,449", $457.79 ,454.61,,,,,,,,,,
01/08/2023,"55,502,199", $456.48 ,454.839,,,,,,,,,,
02/08/2023,"93,933,369", $450.13 ,454.332,,,,,,,,,,
03/08/2023,"64,419,692", $448.84 ,453.998,,,,,,,,,,
04/08/2023,"100,128,902", $446.81 ,453.461,,,,,,,,,,
07/08/2023,"58,357,464", $450.71 ,453.112,,,,,,,,,,
08/08/2023,"71,361,324", $448.75 ,452.443,,,,,,,,,,
09/08/2023,"78,789,575", $445.75 ,451.467,,,,,,,,,,
10/08/2023,"93,005,495", $445.91 ,450.809,,,,,,,,,,
11/08/2023,"68,690,902", $445.65 ,449.682,,,,,,,,,,
14/08/2023,"47,867,441", $448.11 ,448.714,,,,,,,,,,
15/08/2023,"75,707,534", $442.89 ,447.355,,,,,,,,,,
16/08/2023,"80,107,206", $439.64 ,446.306,,,,,,,,,,
17/08/2023,"95,711,315", $436.29 ,445.051,,,,,,,,,,
18/08/2023,"98,851,960", $436.50 ,444.02,,,,,,,,,,
21/08/2023,"68,718,957", $439.34 ,442.883,,,,,,,,,,
22/08/2023,"65,062,861", $438.15 ,441.823,,,,,,,,,,
23/08/2023,"68,441,021", $443.03 ,441.551,,,,,,,,,,
24/08/2023,"88,517,272", $436.89 ,440.649,,,,,,,,,,
25/08/2023,"102,325,103", $439.97 ,440.081,,,,,,,,,,
28/08/2023,"61,595,393", $442.76 ,439.546,,,,,,,,,,
29/08/2023,"83,081,916", $449.16 ,440.173,,,,,,,,,,
30/08/2023,"69,053,911", $451.01 ,441.31,,,,,,,,,,
31/08/2023,"66,084,563", $450.35 ,442.716,,,,,,,,,,
01/09/2023,"58,944,098", $451.19 ,444.185,,,,,,,,,,
05/09/2023,"55,166,210", $449.24 ,445.175,,,,,,,,,,
06/09/2023,"70,758,512", $446.22 ,445.982,,,,,,,,,,
07/09/2023,"70,355,426", $444.85 ,446.164,,,,,,,,,,
08/09/2023,"62,068,437", $445.52 ,447.027,,,,,,,,,,
11/09/2023,"60,180,118", $448.45 ,447.875,,,,,,,,,,
12/09/2023,"67,565,422", $445.99 ,448.198,,,,,,,,,,
13/09/2023,"60,199,272", $446.51 ,447.933,,,,,,,,,,
14/09/2023,"83,430,814", $450.36 ,447.868,,,,,,,,,,
15/09/2023,"111,848,859", $443.37 ,447.17,,,,,,,,,,
18/09/2023,"55,752,213", $443.63 ,446.414,,,,,,,,,,
19/09/2023,"66,514,648", $442.71 ,445.761,,,,,,,,,,
20/09/2023,"82,562,602", $438.64 ,445.003,,,,,,,,,,
21/09/2023,"104,095,826", $431.39 ,443.657,,,,,,,,,,
22/09/2023,"100,829,684", $430.42 ,442.147,,,,,,,,,,
25/09/2023,"70,874,534", $432.23 ,440.525,,,,,,,,,,
26/09/2023,"96,168,436", $425.88 ,438.514,,,,,,,,,,
27/09/2023,"104,705,847", $426.05 ,436.468,,,,,,,,,,
28/09/2023,"92,258,308", $428.52 ,434.284,,,,,,,,,,
29/09/2023,"115,111,319", $427.48 ,432.695,,,,,,,,,,
02/10/2023,"83,798,599", $427.31 ,431.063,,,,,,,,,,
03/10/2023,"103,760,607", $421.59 ,428.951,,,,,,,,,,
04/10/2023,"87,452,968", $424.66 ,427.553,,,,,,,,,,
05/10/2023,"70,142,744", $424.50 ,426.864,,,,,,,,,,
06/10/2023,"113,273,309", $429.54 ,426.776,,,,,,,,,,
09/10/2023,"80,374,362", $432.29 ,426.782,,,,,,,,,,
10/10/2023,"78,607,268", $434.54 ,427.648,,,,,,,,,,
11/10/2023,"62,451,736", $436.32 ,428.675,,,,,,,,,,
12/10/2023,"81,154,230", $433.66 ,429.189,,,,,,,,,,
13/10/2023,"95,201,132", $431.50 ,429.591,,,,,,,,,,
16/10/2023,"75,433,194", $436.04 ,430.464,,,,,,,,,,
17/10/2023,"75,324,708", $436.02 ,431.907,,,,,,,,,,
18/10/2023,"93,559,798", $430.21 ,432.462,,,,,,,,,,
19/10/2023,"121,322,957", $426.43 ,432.655,,,,,,,,,,
20/10/2023,"123,919,874", $421.19 ,431.82,,,,,,,,,,
23/10/2023,"92,035,095", $420.46 ,430.637,,,,,,,,,,
24/10/2023,"78,564,239", $423.63 ,429.546,,,,,,,,,,
25/10/2023,"94,223,198", $417.55 ,427.669,,,,,,,,,,
26/10/2023,"115,156,761", $412.55 ,425.558,,,,,,,,,,
27/10/2023,"107,367,671", $410.68 ,423.476,,,,,,,,,,
30/10/2023,"86,562,675", $415.59 ,421.431,,,,,,,,,,
31/10/2023,"79,665,150", $418.20 ,419.649,,,,,,,,,,
01/11/2023,"98,068,115", $422.66 ,418.894,,,,,,,,,,
02/11/2023,"94,938,909", $430.76 ,419.327,,,,,,,,,,
03/11/2023,"100,167,775", $434.69 ,420.677,,,,,,,,,,
06/11/2023,"67,831,660", $435.69 ,422.2,,,,,,,,,,
07/11/2023,"64,256,114", $436.93 ,423.53,,,,,,,,,,
08/11/2023,"61,746,027", $437.25 ,425.5,,,,,,,,,,
09/11/2023,"83,174,417", $433.84 ,427.629,,,,,,,,,,
10/11/2023,"89,558,054", $440.61 ,430.622,,,,,,,,,,
13/11/2023,"52,236,068", $440.19 ,433.082,,,,,,,,,,
14/11/2023,"97,176,935", $448.73 ,436.135,,,,,,,,,,
15/11/2023,"77,327,573", $449.68 ,438.837,,,,,,,,,,
16/11/2023,"66,665,797", $450.23 ,440.784,,,,,,,,,,
17/11/2023,"83,193,902", $450.79 ,442.394,,,,,,,,,,
20/11/2023,"70,055,633", $454.26 ,444.251,,,,,,,,,,
21/11/2023,"49,244,639", $453.27 ,445.885,,,,,,,,,,
22/11/2023,"59,446,573", $455.02 ,447.662,,,,,,,,,,
24/11/2023,"29,737,375", $455.30 ,449.808,,,,,,,,,,
27/11/2023,"50,505,985", $454.48 ,451.195,,,,,,,,,,
28/11/2023,"62,115,011", $454.93 ,452.669,,,,,,,,,,
29/11/2023,"63,145,992", $454.61 ,453.257,,,,,,,,,,
30/11/2023,"79,752,700", $456.40 ,453.929,,,,,,,,,,
01/12/2023,"89,183,400", $459.10 ,454.816,,,,,,,,,,
04/12/2023,"72,430,888", $456.69 ,455.406,,,,,,,,,,
05/12/2023,"69,793,469", $456.60 ,455.64,,,,,,,,,,
06/12/2023,"69,124,685", $454.76 ,455.789,,,,,,,,,,
07/12/2023,"66,995,446", $458.23 ,456.11,,,,,,,,,,
08/12/2023,"83,194,404", $460.20 ,456.6,,,,,,,,,,
11/12/2023,"65,002,247", $461.99 ,457.351,,,,,,,,,,
12/12/2023,"68,327,617", $464.10 ,458.268,,,,,,,,,,
13/12/2023,"93,277,960", $470.50 ,459.857,,,,,,,,,,
14/12/2023,"119,026,049", $472.01 ,461.418,,,,,,,,,,
15/12/2023,"141,553,673", $469.33 ,462.441,,,,,,,,,,
18/12/2023,"70,375,285", $471.97 ,463.969,,,,,,,,,,
19/12/2023,"55,761,805", $474.84 ,465.793,,,,,,,,,,
20/12/2023,"102,920,959", $468.26 ,467.143,,,,,,,,,,
21/12/2023,"86,667,465", $472.70 ,468.59,,,,,,,,,,
22/12/2023,"67,160,419", $473.65 ,469.935,,,,,,,,,,
26/12/2023,"55,386,952", $475.65 ,471.301,,,,,,,,,,
27/12/2023,"68,000,311", $476.51 ,472.542,,,,,,,,,,
28/12/2023,"77,158,116", $476.69 ,473.161,,,,,,,,,,
29/12/2023,"122,283,149", $475.31 ,473.491,,,,,,,,,,
02/01/2024,"123,007,793", $472.65 ,473.823,,,,,,,,,,
03/01/2024,"103,585,866", $468.79 ,473.505,,,,,,,,,,
04/01/2024,"84,232,169", $467.28 ,472.749,,,,,,,,,,
05/01/2024,"86,118,913", $467.92 ,472.715,,,,,,,,,,
08/01/2024,"74,879,074", $474.60 ,472.905,,,,,,,,,,
09/01/2024,"65,931,439", $473.88 ,472.928,,,,,,,,,,
10/01/2024,"67,310,640", $476.56 ,473.019,,,,,,,,,,
11/01/2024,"77,940,723", $476.35 ,473.003,,,,,,,,,,
12/01/2024,"58,026,420", $476.68 ,473.002,,,,,,,,,,
16/01/2024,"85,014,870", $474.93 ,472.964,,,,,,,,,,
17/01/2024,"68,843,871", $472.29 ,472.928,,,,,,,,,,
18/01/2024,"91,856,248", $476.49 ,473.698,,,,,,,,,,
19/01/2024,"110,834,483", $482.43 ,475.213,,,,,,,,,,
22/01/2024,"75,844,931", $483.45 ,476.766,,,,,,,,,,
23/01/2024,"49,945,297", $484.86 ,477.792,,,,,,,,,,
24/01/2024,"81,765,039", $485.39 ,478.943,,,,,,,,,,
25/01/2024,"72,524,989", $488.03 ,480.09,,,,,,,,,,
26/01/2024,"76,641,609", $487.41 ,481.196,,,,,,,,,,
29/01/2024,"61,322,751", $491.27 ,482.655,,,,,,,,,,
30/01/2024,"58,618,386", $490.89 ,484.251,,,,,,,,,,
31/01/2024,"126,011,062", $482.88 ,485.31,,,,,,,,,,
01/02/2024,"91,891,637", $489.20 ,486.581,,,,,,,,,,
02/02/2024,"99,228,192", $494.35 ,487.773,,,,,,,,,,
05/02/2024,"75,757,102", $492.55 ,488.683,,,,,,,,,,
06/02/2024,"55,918,602", $493.98 ,489.595,,,,,,,,,,
07/02/2024,"70,556,506", $498.10 ,490.866,,,,,,,,,,
08/02/2024,"52,343,636", $498.32 ,491.895,,,,,,,,,,
09/02/2024,"63,979,375", $501.20 ,493.274,,,,,,,,,,
12/02/2024,"56,502,283", $500.98 ,494.245,,,,,,,,,,
13/02/2024,"113,099,199", $494.08 ,494.564,,,,,,,,,,
14/02/2024,"68,387,827", $498.57 ,496.133,,,,,,,,,,
15/02/2024,"61,682,960", $502.01 ,497.414,,,,,,,,,,
16/02/2024,"75,532,928", $499.51 ,497.93,,,,,,,,,,
20/02/2024,"71,736,740", $496.76 ,498.351,,,,,,,,,,
21/02/2024,"59,603,771", $497.21 ,498.674,,,,,,,,,,
22/02/2024,"76,402,535", $507.50 ,499.614,,,,,,,,,,
23/02/2024,"61,321,818", $507.85 ,500.567,,,,,,,,,,
26/02/2024,"50,386,738", $505.99 ,501.046,,,,,,,,,,
27/02/2024,"48,854,528", $506.93 ,501.641,,,,,,,,,,
28/02/2024,"56,506,634", $506.26 ,502.859,,,,,,,,,,
29/02/2024,"83,924,795", $508.08 ,503.81,,,,,,,,,,
01/03/2024,"76,844,844", $512.85 ,504.894,,,,,,,,,,
04/03/2024,"49,799,257", $512.30 ,506.173,,,,,,,,,,
